Pays,Pays_fr,Annee,Population,Densite(P/Km2),Superficie(Km2),Electricite d'origine fossile(TWh),Electricite d'origine nucleaire(TWh),Electricite d'origine renouvelable(TWh),Electricite d'origine fossile / hab(KWh/pers),Electricite d'origine nucleaire / hab(KWh/pers),Electricite d'origine renouvelable / hab(KWh/pers),Part energie renouvelable(%),Part energie fossile(%),Part autres energies(%),Intensite energetique(MJ/$2017 PIB PPA),Emissions CO2(kt),Croissance PIB(%),PIB/habitant($)
Austria,Autriche,2000,9141939.0,109.0,83871.0,16.41,0.0,43.44,1.7950240096767218,0.0,4.751727177352638,26.44,27.418539999999993,46.14146000000001,3.22,63530.0,3.375722147,24564.45829
Austria,Autriche,2001,9141939.0,109.0,83871.0,18.82,0.0,42.24,2.058644232913827,0.0,4.620463995657814,25.53,30.822140000000005,43.647859999999994,3.36,67910.0,1.267168189,24537.51426
Austria,Autriche,2002,9141939.0,109.0,83871.0,18.79,0.0,41.9,2.0553626533714566,0.0,4.58327276084428,24.68,30.960620000000006,44.359379999999994,3.33,69370.00275,1.651553922,26401.74546
Austria,Autriche,2003,9141939.0,109.0,83871.0,22.82,0.0,35.24,2.496188171896575,0.0,3.8547621024380057,22.56,39.304165,38.135835,3.48,74459.99908,0.941470921,32222.89724
Austria,Autriche,2004,9141939.0,109.0,83871.0,22.31,0.0,39.62,2.4404013196762744,0.0,4.333872715624114,23.17,36.024544,40.805456,3.44,75800.00305,2.735120222,36821.52147
Austria,Autriche,2005,9141939.0,109.0,83871.0,23.61,0.0,40.88,2.5826030998456675,0.0,4.47169905640368,24.41,36.610325,38.979675,3.47,76239.99786,2.244065325,38403.13388
Austria,Autriche,2006,9141939.0,109.0,83871.0,21.62,0.0,40.66,2.3649249902017506,0.0,4.447634139759629,26.64,34.714195000000004,38.645804999999996,3.38,74099.99847,3.454041836,40635.28182
Austria,Autriche,2007,9141939.0,109.0,83871.0,19.74,0.0,43.17,2.159279338879859,0.0,4.722192961471303,28.99,31.378159999999994,39.63184000000001,3.2,71239.99786,3.727415301,46855.77175
Austria,Autriche,2008,9141939.0,109.0,83871.0,19.97,0.0,44.53,2.1844381153713672,0.0,4.870957900725437,29.68,30.961240000000004,39.35876,3.18,70730.00336,1.460423676,51708.76575
Austria,Autriche,2009,9141939.0,109.0,83871.0,19.12,0.0,47.18,2.0914600283375333,0.0,5.160830760301507,31.31,28.838615000000004,39.85138499999999,3.14,64419.99817,-3.764578178,47963.1794
Austria,Autriche,2010,9141939.0,109.0,83871.0,22.92,0.0,44.99,2.5071267703711433,0.0,4.921275453708453,31.15,33.75055999999999,35.09944000000001,3.29,69959.99908,1.837093677,46858.04327
Austria,Autriche,2011,9141939.0,109.0,83871.0,21.35,0.0,40.91,2.3353907743204148,0.0,4.47498063594605,31.64,34.29168,34.06832,3.1,68269.99664,2.922797284,51374.95841
Austria,Autriche,2012,9141939.0,109.0,83871.0,17.37,0.0,51.33,1.9000345550325812,0.0,5.614782596996108,34.38,25.283839999999998,40.33616,3.07,65110.00061,0.680445577,48567.69529
Austria,Autriche,2013,9141939.0,109.0,83871.0,14.09,0.0,50.5,1.5412485250667283,0.0,5.523992229657187,34.59,21.814514000000003,43.595485999999994,3.1,65750.0,0.025504712,50716.70871
Austria,Autriche,2014,9141939.0,109.0,83871.0,11.42,0.0,50.2,1.2491879457957442,0.0,5.4911764342334815,35.67,18.532939999999996,45.79706,2.97,62049.99924,0.661272849,51717.49594
Austria,Autriche,2015,9141939.0,109.0,83871.0,14.26,0.0,47.59,1.559844142473495,0.0,5.205679014047239,34.82,23.05578,42.12422,3.01,63240.00168,1.014501586,44178.04738
Austria,Autriche,2016,9141939.0,109.0,83871.0,14.17,0.0,51.08,1.5499994038463831,0.0,5.587436100809686,34.64,21.716480000000004,43.643519999999995,2.98,63680.00031,1.989437162,45276.83144
Austria,Autriche,2017,9141939.0,109.0,83871.0,16.37,0.0,51.05,1.7906485702868944,0.0,5.584154521267315,33.98,24.280624000000003,41.739376,2.97,65860.00061,2.258572433,47312.00623
Austria,Autriche,2018,9141939.0,109.0,83871.0,14.98,0.0,50.06,1.6386020514903896,0.0,5.475862396369085,34.11,23.031980000000004,42.858019999999996,2.81,63060.00137,2.501595119,51461.43322
Austria,Autriche,2019,9141939.0,109.0,83871.0,16.22,0.0,54.64,1.774240672575041,0.0,5.976850206504332,33.77,22.890204999999995,43.339795,2.82,64769.99664,1.49121085,50114.40111
Belgium,Belgique,2000,11692224.0,383.0,30528.0,33.58,48.16,1.05,2.8719942416429927,4.11897685162378,0.08980327438133241,1.44,40.560455,57.999545000000005,5.51,117270.0,3.716679384,23041.53473
Belgium,Belgique,2001,11692224.0,383.0,30528.0,31.2,46.35,1.08,2.668440153045306,3.9641731119759593,0.09236908222079905,1.58,39.67951,58.74049,5.41,118340.0,1.099618888,22995.15752
Belgium,Belgique,2002,11692224.0,383.0,30528.0,32.44,47.36,1.14,2.7744935437432603,4.050555309238003,0.09750069789973234,1.68,40.07907,58.24093,5.15,110849.9985,1.706884585,24887.56133
Belgium,Belgique,2003,11692224.0,383.0,30528.0,34.99,47.38,1.2,2.9925872100979247,4.052265847797647,0.10263231357866562,1.89,41.86909,56.24091,5.32,115500.0,1.037982549,30587.66841
Belgium,Belgique,2004,11692224.0,383.0,30528.0,34.11,47.31,1.5,2.91732351347357,4.046278962838892,0.12829039197333203,2.02,41.136032,56.843968,5.15,114019.9966,3.571204343,35364.37533
Belgium,Belgique,2005,11692224.0,383.0,30528.0,34.39,47.6,2.11,2.941271053308592,4.071081771953736,0.18046181804248704,2.46,40.891796,56.648204,5.01,110610.0006,2.321737054,36795.97688
Belgium,Belgique,2006,11692224.0,383.0,30528.0,33.46,46.65,2.96,2.8617310102851263,3.9898311903706256,0.2531597068273752,2.82,40.27928,56.90072,4.82,108650.0015,2.552349944,38672.70594
Belgium,Belgique,2007,11692224.0,383.0,30528.0,34.84,48.23,3.49,2.979758170900592,4.124963736582536,0.2984889786579525,3.34,40.249535,56.410465,4.56,104589.9963,3.676881136,44262.896
Belgium,Belgique,2008,11692224.0,383.0,30528.0,32.82,45.57,4.42,2.8069937763765047,3.897462108149827,0.37802902168141833,3.91,39.632893,56.45710699999999,4.68,106930.0003,0.446928735,48106.89292
Belgium,Belgique,2009,11692224.0,383.0,30528.0,37.0,47.22,5.45,3.1644963353421898,4.038581539320492,0.46612175750310636,4.83,41.262405,53.907595,4.58,99669.99817,-2.020743062,44583.54481
Belgium,Belgique,2010,11692224.0,383.0,30528.0,38.39,47.94,6.54,3.2833787652374773,4.100160927467692,0.5593461090037276,6.22,41.337357,52.442643000000004,4.81,106720.0012,2.864292708,44141.87814
Belgium,Belgique,2011,11692224.0,383.0,30528.0,32.51,48.23,8.31,2.7804804287020155,4.124963736582536,0.7107287715322594,6.66,36.507584,56.832415999999995,4.4,96480.00336,1.694513899,47348.52502
Belgium,Belgique,2012,11692224.0,383.0,30528.0,30.62,40.29,10.51,2.6188345348156177,3.445879928403698,0.8988880130931464,7.67,37.607468,54.722532,4.19,95269.99664,0.739217283,44673.11588
Belgium,Belgique,2013,11692224.0,383.0,30528.0,27.37,42.64,11.71,2.3408720188733985,3.646868209161918,1.001520326671812,8.22,33.492419999999996,58.287580000000005,4.34,96589.99634,0.459242193,46744.66254
Belgium,Belgique,2014,11692224.0,383.0,30528.0,25.03,33.7,12.21,2.140739007395,2.8822574730008594,1.0442837906629225,9.13,35.283339999999995,55.58666,4.03,90139.99939,1.578533143,47700.54036
Belgium,Belgique,2015,11692224.0,383.0,30528.0,27.57,26.1,14.45,2.3579774044698425,2.2322528203359773,1.2358641093430984,9.37,40.4727,50.1573,3.94,95129.99725,2.041459009,40991.80814
Belgium,Belgique,2016,11692224.0,383.0,30528.0,26.19,43.52,14.25,2.239950243854377,3.722131905786273,1.2187587237466542,9.2,31.193430000000006,59.60656999999999,4.12,94220.00122,1.266686409,41984.10303
Belgium,Belgique,2017,11692224.0,383.0,30528.0,26.9,42.23,15.8,2.3006743627217543,3.6118021686892074,1.3513254621190973,9.64,31.673140000000004,58.686859999999996,4.04,92720.00122,1.619580278,44089.31009
Belgium,Belgique,2018,11692224.0,383.0,30528.0,27.75,28.6,17.17,2.3733722515066424,2.4460701402915306,1.4684973534547405,10.66,37.744827,51.595173,3.82,93660.00366,1.819203664,47519.5531
Belgium,Belgique,2019,11692224.0,383.0,30528.0,29.32,43.52,19.47,2.50764952843873,3.722131905786273,1.6652092878138496,10.21,31.762535,58.027465,3.87,93010.00214,2.149559681,46591.49161
Bulgaria,Bulgarie,2000,7096256.0,64.0,110879.0,19.79,18.18,2.63,2.7887945417978157,2.5619143390542845,0.3706179709412964,7.97,48.74384,43.28616,9.34,43420.0,4.587225342,1621.242961
Bulgaria,Bulgarie,2001,7096256.0,64.0,110879.0,22.25,19.55,1.65,3.1354562180394843,2.754973890457165,0.23251697796697302,7.24,51.208286,41.551714,9.38,46190.0,3.823703664,1770.913534
Bulgaria,Bulgarie,2002,7096256.0,64.0,110879.0,19.75,20.22,2.12,2.783157766574374,2.849389875449815,0.2987490868424138,8.7,46.92326,44.37674,8.63,43599.99847,5.871930278,2092.957694
Bulgaria,Bulgarie,2003,7096256.0,64.0,110879.0,22.02,17.28,2.99,3.1030447605046945,2.4350868965268444,0.4213489479522723,9.16,52.06905,38.77095,8.41,47930.00031,5.237154278,2719.497656
Bulgaria,Bulgarie,2004,7096256.0,64.0,110879.0,21.44,16.82,3.14,3.021311519764789,2.3702639814572644,0.44248685504017893,9.55,51.787445,38.662555,7.68,47270.00046,6.510426379,3389.707049
Bulgaria,Bulgarie,2005,7096256.0,64.0,110879.0,20.98,18.65,4.3,2.9564886046952084,2.6281464479297254,0.6059533365199903,9.83,47.757797,42.412203000000005,7.58,47990.00168,7.056347526,3899.907638
Bulgaria,Bulgarie,2006,7096256.0,64.0,110879.0,21.76,19.49,4.23,3.066405721552323,2.746518727622002,0.5960889798789671,9.96,47.845207,42.194793,7.31,48950.00076,6.802589382,4523.050833
Bulgaria,Bulgarie,2007,7096256.0,64.0,110879.0,25.38,14.64,2.88,3.576533879273803,2.063059731779688,0.40584781608780746,8.85,59.16084,31.98916,6.73,52599.99847,6.591380837,5885.104348
Bulgaria,Bulgarie,2008,7096256.0,64.0,110879.0,25.86,15.77,2.93,3.644175181955104,2.222298631841918,0.41289378511710967,9.94,58.03411,32.025890000000004,6.26,50040.00092,6.116017964,7265.735497
Bulgaria,Bulgarie,2009,7096256.0,64.0,110879.0,23.39,15.26,3.68,3.296104311907575,2.1504297477430354,0.5185833205566428,11.62,55.25632,33.12368,5.68,42909.99985,-3.271854279,6988.233325
Bulgaria,Bulgarie,2010,7096256.0,64.0,110879.0,24.97,15.25,5.76,3.518756933233525,2.149020553937175,0.8116956321756149,14.27,54.30622,31.423779999999997,5.75,44740.00168,1.541801443,6853.002854
Bulgaria,Bulgarie,2011,7096256.0,64.0,110879.0,29.75,16.31,3.89,4.192351572434816,2.2983950973583815,0.5481763904797121,13.22,59.55956,27.220440000000004,6.04,49639.99939,2.10120575,7849.165283
Bulgaria,Bulgarie,2012,7096256.0,64.0,110879.0,25.45,15.78,5.25,3.586398235914826,2.2237078256477782,0.7398267480767323,15.63,54.754734,29.615266,5.76,45020.00046,0.754930386,7432.478766
Bulgaria,Bulgarie,2013,7096256.0,64.0,110879.0,21.96,14.17,6.91,3.0945895976695317,1.996827622904247,0.9737529198495657,18.24,51.022305,30.737695,5.31,39659.99985,-0.560493966,7681.93462
Bulgaria,Bulgarie,2014,7096256.0,64.0,110879.0,23.66,15.87,7.39,3.3341525446658067,2.236390569900522,1.041394222530867,17.15,50.426254,32.423746,5.47,42049.99924,0.966869032,7901.785876
Bulgaria,Bulgarie,2015,7096256.0,64.0,110879.0,24.57,15.38,8.75,3.462389180999107,2.1673400734133605,1.233044580127887,17.85,50.451748,31.698251999999997,5.48,44560.00137,3.428054914,7074.681023
Bulgaria,Bulgarie,2016,7096256.0,64.0,110879.0,21.74,15.78,7.04,3.063587333940602,2.2237078256477782,0.9920724393257515,17.71,48.78815,33.50185,5.15,41590.00015,3.039825276,7569.478815
Bulgaria,Bulgarie,2017,7096256.0,64.0,110879.0,23.25,15.55,6.13,3.2763755986255285,2.191296368112988,0.8638358029924512,17.12,51.74716,31.132839999999998,5.14,43880.00107,2.76217096,8366.293221
Bulgaria,Bulgarie,2018,7096256.0,64.0,110879.0,21.03,16.13,9.38,2.9635345737245107,2.2730296088528936,1.321823789897095,19.6,45.186935,35.213065,4.98,40900.00153,2.684576131,9446.700772
Bulgaria,Bulgarie,2019,7096256.0,64.0,110879.0,19.75,16.56,7.49,2.783157766574374,2.3336249425048923,1.0554861605894714,19.34,45.091324,35.568675999999996,4.74,39139.99939,4.037592082,9879.268533
Croatia,Croatie,2000,4131362.0,73.0,56594.0,4.81,0.0,6.45,1.1642649566898278,0.0,1.561228476226484,26.76,42.717587,30.522412999999997,4.32,18040.0,2.895500506,4887.713716
Croatia,Croatie,2001,4131362.0,73.0,56594.0,5.59,0.0,7.18,1.3530646793962862,0.0,1.7379256526056057,26.92,43.774475,29.305524999999996,4.36,19200.0,3.032498265,5412.925136
Croatia,Croatie,2002,4131362.0,73.0,56594.0,6.86,0.0,5.85,1.6604693561106483,0.0,1.4159979202984392,24.61,53.97325,21.41675,4.24,20280.00069,5.722074201,6293.225299
Croatia,Croatie,2003,4131362.0,73.0,56594.0,7.73,0.0,5.46,1.8710536622063136,0.0,1.3215980589452099,24.82,58.605003,16.574996999999996,4.3,21610.00061,5.525946728,8129.794584
Croatia,Croatie,2004,4131362.0,73.0,56594.0,6.26,0.0,7.63,1.5152388001826032,0.0,1.8468485695516395,26.56,45.068398,28.371602,4.13,21100.00038,4.149336808,9747.440771
Croatia,Croatie,2005,4131362.0,73.0,56594.0,6.0,0.0,7.06,1.4523055592804504,0.0,1.7088795414199967,26.82,45.94181,27.238190000000003,4.02,21450.00076,4.312401186,10621.50746
Croatia,Croatie,2006,4131362.0,73.0,56594.0,6.27,0.0,6.65,1.5176593094480706,0.0,1.6096386615358325,25.51,48.52941,25.96059,3.81,21610.00061,4.938356531,11797.47447
Croatia,Croatie,2007,4131362.0,73.0,56594.0,7.8,0.0,4.74,1.8879972270645855,0.0,1.1473213918315557,22.66,62.20096,15.139039999999998,3.77,22879.99916,4.912811472,14046.31681
Croatia,Croatie,2008,4131362.0,73.0,56594.0,6.94,0.0,5.84,1.6798334302343876,0.0,1.4135774110329717,24.14,54.3036,21.556399999999996,3.6,21729.99954,1.895443552,16416.58681
Croatia,Croatie,2009,4131362.0,73.0,56594.0,5.87,0.0,7.48,1.4208389388293738,0.0,1.810540930569628,27.16,43.97004,28.869960000000003,3.75,20309.99947,-7.281699547,14653.04355
Croatia,Croatie,2010,4131362.0,73.0,56594.0,5.49,0.0,9.3,1.3288595867416122,0.0,2.251073616884698,29.75,37.119675,33.130325,3.76,19459.99908,-1.250700462,14067.52312
Croatia,Croatie,2011,4131362.0,73.0,56594.0,5.95,0.0,5.28,1.4402030129531134,0.0,1.2780288921667964,27.16,52.983078,19.856922,3.68,19030.00069,-0.085243549,14757.18034
Croatia,Croatie,2012,4131362.0,73.0,56594.0,5.33,0.0,5.26,1.2901314384941334,0.0,1.2731878736358615,29.4,50.3305,20.2695,3.55,17409.99985,-2.275706646,13401.65662
Croatia,Croatie,2013,4131362.0,73.0,56594.0,4.67,0.0,9.28,1.1303778269732838,0.0,2.2462325983537634,32.82,33.476699999999994,33.703300000000006,3.49,17010.00023,-0.363117372,13837.73164
Croatia,Croatie,2014,4131362.0,73.0,56594.0,3.5,0.0,9.94,0.847178242913596,0.0,2.4059862098746128,33.6,26.041669999999996,40.35833,3.33,16239.99977,-0.345947048,13762.37286
Croatia,Croatie,2015,4131362.0,73.0,56594.0,3.73,0.0,7.52,0.9028499560193467,0.0,1.8202229676314978,33.09,33.155556000000004,33.75444399999999,3.4,16600.00038,2.52568842,11933.37738
Croatia,Croatie,2016,4131362.0,73.0,56594.0,4.26,0.0,8.36,1.0311369470891198,0.0,2.0235457459307606,31.83,33.75595,34.41405,3.31,16879.99916,3.532432232,12527.73986
Croatia,Croatie,2017,4131362.0,73.0,56594.0,4.67,0.0,7.12,1.1303778269732838,0.0,1.723402597012801,29.79,39.60984,30.600160000000002,3.31,17409.99985,3.41409226,13629.28959
Croatia,Croatie,2018,4131362.0,73.0,56594.0,3.77,0.0,9.78,0.9125319930812164,0.0,2.367258061627134,32.83,27.822875999999994,39.34712400000001,3.13,16430.00031,2.900009599,15227.5601
Croatia,Croatie,2019,4131362.0,73.0,56594.0,4.31,0.0,8.35,1.0432394934164568,0.0,2.0211252366652936,31.6,34.04423,34.35577,3.07,16520.00046,3.481945603,15311.7669
Cyprus,Chypre,2000,1211881.0,131.0,9251.0,3.37,0.0,0.0,2.7808010852550704,0.0,0.0,3.08,96.92,0.0,3.92,7130.0,5.965310315,14388.34806
Cyprus,Chypre,2001,1211881.0,131.0,9251.0,3.55,0.0,0.0,2.929330520075816,0.0,0.0,3.03,96.97,0.0,3.73,6990.0,3.952560541,14821.44682
Cyprus,Chypre,2002,1211881.0,131.0,9251.0,3.79,0.0,0.0,3.127369766503477,0.0,0.0,3.16,96.84,0.0,3.65,7170.000076,3.722956499,16093.21461
Cyprus,Chypre,2003,1211881.0,131.0,9251.0,4.05,0.0,0.0,3.341912283466776,0.0,0.0,3.24,96.76,0.0,3.87,7829.999924,2.623286123,20252.23898
Cyprus,Chypre,2004,1211881.0,131.0,9251.0,4.2,0.0,0.0,3.465686812484064,0.0,0.0,3.29,96.71,0.0,3.46,7780.00021,5.026343926,23792.62136
Cyprus,Chypre,2005,1211881.0,131.0,9251.0,4.38,0.0,0.0,3.61421624730481,0.0,0.0,3.34,96.66,0.0,3.36,7900.000095,4.853003838,24959.25917
Cyprus,Chypre,2006,1211881.0,131.0,9251.0,4.65,0.0,0.0,3.837010399535928,0.0,0.0,3.5,96.5,0.0,3.34,8000.0,4.713828666,26729.3234
Cyprus,Chypre,2007,1211881.0,131.0,9251.0,4.87,0.0,0.0,4.018546375427951,0.0,0.0,4.33,95.67,0.0,3.35,8310.00042,5.098068453,31244.92622
Cyprus,Chypre,2008,1211881.0,131.0,9251.0,5.06,0.0,0.01,4.1753274455165155,0.0,0.0082516352678192,5.47,99.80276135,-5.272761349999997,3.44,8489.999771,3.646811991,35397.36368
Cyprus,Chypre,2009,1211881.0,131.0,9251.0,5.18,0.0,0.03,4.2743470687303455,0.0,0.0247549058034576,6.31,99.42418426,-5.734184260000004,3.44,8279.999733,-2.015262359,32109.24251
Cyprus,Chypre,2010,1211881.0,131.0,9251.0,5.25,0.0,0.08,4.33210851560508,0.0,0.0660130821425536,6.55,98.499062,-5.049061999999995,3.25,7900.000095,2.014695707,31023.63833
Cyprus,Chypre,2011,1211881.0,131.0,9251.0,4.75,0.0,0.17,3.91952675221412,0.0,0.1402777995529264,7.66,96.5447154,-4.204715400000001,3.15,7630.000114,0.401437941,32396.38574
Cyprus,Chypre,2012,1211881.0,131.0,9251.0,4.46,0.0,0.26,3.6802293294473634,0.0,0.2145425169632992,8.69,94.491525,-3.1815249999999953,3.06,7099.999905,-3.446822086,28912.15694
Cyprus,Chypre,2013,1211881.0,131.0,9251.0,3.96,0.0,0.33,3.2676475660564033,0.0,0.2723039638380336,9.83,92.307692,-2.137692000000003,2.83,6429.999828,-6.553078255,27729.1927
Cyprus,Chypre,2014,1211881.0,131.0,9251.0,4.03,0.0,0.31,3.325409012931138,0.0,0.2558006933023952,9.59,92.857143,-2.4471429999999934,2.95,6809.999943,-1.829309109,27163.33297
Cyprus,Chypre,2015,1211881.0,131.0,9251.0,4.14,0.0,0.4,3.4161770008771484,0.0,0.330065410712768,10.51,91.189427,-1.6994269999999947,2.93,6849.999905,3.383079712,23408.33668
Cyprus,Chypre,2016,1211881.0,131.0,9251.0,4.46,0.0,0.43,3.6802293294473634,0.0,0.3548203165162256,10.36,91.206544,-1.5665439999999933,2.94,7219.99979,6.454554466,24605.92083
Cyprus,Chypre,2017,1211881.0,131.0,9251.0,4.57,0.0,0.43,3.7709973173933746,0.0,0.3548203165162256,11.03,91.4,-2.430000000000005,2.88,7360.000134,5.852540355,26608.87509
Cyprus,Chypre,2018,1211881.0,131.0,9251.0,4.58,0.0,0.48,3.7792489526611934,0.0,0.3960784928553216,12.11,90.513834,-2.623834000000002,2.74,7199.999809,5.692841724,29334.11093
Cyprus,Chypre,2019,1211881.0,131.0,9251.0,4.63,0.0,0.52,3.8205071290002897,0.0,0.4290850339265984,12.05,89.902913,-1.9529129999999988,2.67,7190.000057,5.283187396,29206.07672
Czechia,République tchèque,2000,10726456.0,136.0,78871.0,57.03,13.59,2.28,5.316760726935346,1.2669608675969024,0.21255855615312272,5.94,78.230453,15.829547000000002,6.74,123170.0,0.0,0.0
Czechia,République tchèque,2001,10726456.0,136.0,78871.0,56.9,14.75,2.57,5.304641160137141,1.3751046944116492,0.23959451285680938,6.29,76.663973,17.046027000000002,6.71,122720.0,0.0,0.0
Czechia,République tchèque,2002,10726456.0,136.0,78871.0,54.27,18.74,2.99,5.059453001065776,1.7470821676796138,0.2787500363587004,7.28,71.407894,21.312106,6.69,118529.9988,0.0,0.0
Czechia,République tchèque,2003,10726456.0,136.0,78871.0,55.05,25.87,1.87,5.132170401855002,2.4117937928426687,0.17433530702032432,6.72,66.493538,26.786462,6.74,122769.9966,0.0,0.0
Czechia,République tchèque,2004,10726456.0,136.0,78871.0,54.72,26.33,2.74,5.101405347674945,2.4546784138209303,0.2554431771313843,7.13,65.30611999999999,27.563880000000008,6.58,123440.0024,0.0,0.0
Czechia,République tchèque,2005,10726456.0,136.0,78871.0,54.07,24.73,3.13,5.040807513683923,2.305514514766107,0.2918018775259974,7.53,65.99536,26.474639999999994,6.11,119989.9979,0.0,0.0
Czechia,République tchèque,2006,10726456.0,136.0,78871.0,54.09,26.05,3.52,5.042672062422109,2.428574731486336,0.3281605779206105,7.88,64.654556,27.465444,5.85,120599.9985,0.0,0.0
Czechia,République tchèque,2007,10726456.0,136.0,78871.0,58.18,26.17,3.42,5.423972279380999,2.439762023915448,0.31883783422968404,8.32,66.286884,25.393116,5.53,123620.0027,0.0,0.0
Czechia,République tchèque,2008,10726456.0,136.0,78871.0,53.01,26.55,3.72,4.941986430560103,2.475188449940968,0.3468060653024634,8.99,63.652737,27.357262999999996,5.28,118309.9976,0.0,0.0
Czechia,République tchèque,2009,10726456.0,136.0,78871.0,49.77,27.21,4.66,4.639929534974087,2.5367185583010827,0.43443985599717183,10.25,60.962765,28.787235000000003,5.21,111169.9982,0.0,0.0
Czechia,République tchèque,2010,10726456.0,136.0,78871.0,51.33,28.0,5.91,4.785364336552539,2.610368233459402,0.5509741521337523,10.95,60.21821,28.83179,5.39,112250.0,0.0,0.0
Czechia,République tchèque,2011,10726456.0,136.0,78871.0,51.15,28.28,7.24,4.768583397908872,2.6364719157939955,0.6749666432230739,12.16,59.01696,28.823040000000002,5.1,109169.9982,0.0,0.0
Czechia,République tchèque,2012,10726456.0,136.0,78871.0,48.22,30.32,8.07,4.495427007764727,2.826655887088895,0.7523454158577633,12.8,55.674866,31.525133999999998,5.11,106069.9997,0.0,0.0
Czechia,République tchèque,2013,10726456.0,136.0,78871.0,45.89,30.75,9.3,4.2782070797661405,2.8667436849598786,0.8670151632561585,13.95,53.39772,32.652280000000005,5.11,101150.0015,0.0,0.0
Czechia,République tchèque,2014,10726456.0,136.0,78871.0,45.51,30.33,9.17,4.2427806537406205,2.8275881614579874,0.8548955964579541,14.85,53.534878,31.615122,4.85,97510.00214,0.0,0.0
Czechia,République tchèque,2015,10726456.0,136.0,78871.0,46.27,26.84,9.41,4.313633505791661,2.502224406644655,0.8772701813161775,14.84,56.071255,29.088745,4.61,99139.99939,0.0,0.0
Czechia,République tchèque,2016,10726456.0,136.0,78871.0,48.52,24.1,9.39,4.523395238837506,2.2467812295132705,0.8754056325779922,14.77,59.163513,26.066487,4.44,101730.0034,0.0,0.0
Czechia,République tchèque,2017,10726456.0,136.0,78871.0,47.81,28.34,9.63,4.457203758631929,2.6420655620085514,0.8977802174362156,14.46,55.735603,29.804397,4.41,101830.0018,0.0,0.0
Czechia,République tchèque,2018,10726456.0,136.0,78871.0,47.51,29.92,9.43,4.4292355275591495,2.789364912325189,0.8791347300543628,14.72,54.697216,30.582784000000004,4.28,100900.0015,0.0,0.0
Czechia,République tchèque,2019,10726456.0,136.0,78871.0,45.44,30.25,10.08,4.236254733156972,2.8201299665052466,0.9397325640453846,15.85,52.978893,31.171107,4.12,96290.00092,0.0,0.0
Denmark,Danemark,2000,5903878.0,137.0,43094.0,30.43,0.0,5.57,5.154239298305283,0.0,0.9434476796437867,10.73,84.527778,4.742222000000002,2.99,52600.0,3.746862595,30743.54768
Denmark,Danemark,2001,5903878.0,137.0,43094.0,31.87,0.0,5.85,5.398146777423246,0.0,0.9908741339167239,11.12,84.490987,4.389012999999997,3.06,54250.0,0.823152998,30751.65435
Denmark,Danemark,2002,5903878.0,137.0,43094.0,32.49,0.0,6.79,5.503162497599036,0.0,1.1500915161187273,11.86,82.713848,5.426152000000002,3.01,53840.00015,0.466345571,33228.69354
Denmark,Danemark,2003,5903878.0,137.0,43094.0,38.09,0.0,8.07,6.45169158305778,0.0,1.3668981642235831,12.72,82.51733,4.762669999999998,3.17,59229.99954,0.390058556,40458.7774
Denmark,Danemark,2004,5903878.0,137.0,43094.0,30.9,0.0,9.52,5.233847989406285,0.0,1.612499445279865,14.44,76.4473,9.112700000000002,2.99,53729.99954,2.668219267,46511.59833
Denmark,Danemark,2005,5903878.0,137.0,43094.0,26.43,0.0,9.8,4.476718522977609,0.0,1.6599258995528023,16.12,72.950594,10.929406000000004,2.83,50200.00076,2.336641308,48799.8256
Denmark,Danemark,2006,5903878.0,137.0,43094.0,36.41,0.0,9.2,6.167132857420157,0.0,1.5582977832536513,15.26,79.828985,4.911014999999997,2.93,58130.00107,3.913007978,52026.99951
Denmark,Danemark,2007,5903878.0,137.0,43094.0,29.01,0.0,10.3,4.913719423063959,0.0,1.7446159964687618,17.69,73.798018,8.511982,2.83,53409.99985,0.909238928,58487.05497
Denmark,Danemark,2008,5903878.0,137.0,43094.0,26.52,0.0,10.1,4.491962740422482,0.0,1.710739957702378,18.54,72.419441,9.040558999999995,2.78,50130.00107,-0.512016745,64322.0635
Denmark,Danemark,2009,5903878.0,137.0,43094.0,26.32,0.0,10.06,4.458086701656098,0.0,1.7039647499491013,19.33,72.347443,8.322557000000003,2.78,47930.00031,-4.90654773,58163.27688
Denmark,Danemark,2010,5903878.0,137.0,43094.0,26.44,0.0,12.43,4.4784123249159284,0.0,2.1053958093307483,21.2,68.02161,10.778390000000005,2.89,48119.99893,1.870991147,58041.39844
Denmark,Danemark,2011,5903878.0,137.0,43094.0,21.05,0.0,14.17,3.5654530801618867,0.0,2.400117346598287,23.83,59.767178,16.402822,2.64,43099.99847,1.336777767,61753.64713
Denmark,Danemark,2012,5903878.0,137.0,43094.0,15.86,0.0,14.84,2.686369874174229,0.0,2.513602076465672,26.93,51.66124,21.40876,2.53,38220.00122,0.226499792,58507.50805
Denmark,Danemark,2013,5903878.0,137.0,43094.0,18.78,0.0,15.96,3.1809600401634315,0.0,2.703307893557421,27.05,54.058723,18.891277,2.5,39959.99908,0.933340972,61191.1937
Denmark,Danemark,2014,5903878.0,137.0,43094.0,14.2,0.0,17.99,2.405198752413244,0.0,3.047149687036216,30.18,44.113075,25.706925,2.32,35819.99969,1.619393811,62548.98473
Denmark,Danemark,2015,5903878.0,137.0,43094.0,10.0,0.0,18.93,1.6938019383191862,0.0,3.2063670692382193,32.89,34.566190000000006,32.54380999999999,2.27,33700.00076,2.342591108,53254.85637
Denmark,Danemark,2016,5903878.0,137.0,43094.0,12.16,0.0,18.39,2.0596631569961303,0.0,3.1149017645689834,32.17,39.8036,28.026399999999995,2.25,35319.99969,3.245956985,54663.99837
Denmark,Danemark,2017,5903878.0,137.0,43094.0,9.23,0.0,21.8,1.5633791890686088,0.0,3.6924882255358256,35.2,29.745410000000007,35.05458999999999,2.19,33130.00107,2.821736341,57610.09818
Denmark,Danemark,2018,5903878.0,137.0,43094.0,9.61,0.0,20.75,1.627743662724738,0.0,3.5146390220123114,34.67,31.653496000000004,33.676503999999994,2.14,33130.00107,1.989537315,61591.92887
Denmark,Danemark,2019,5903878.0,137.0,43094.0,6.44,0.0,23.07,1.090808448277556,0.0,3.9076010717023624,37.52,21.82311,40.65689,2.0,29700.00076,2.114664208,59775.7351
Estonia,Estonie,2000,1402068.0,31.0,45228.0,8.5,0.0,0.01,6.062473432101724,0.0,0.007132321684825558,19.83,99.88249119,-19.712491189999994,7.95,14920.0,10.08763444,4070.609024
Estonia,Estonie,2001,1402068.0,31.0,45228.0,8.47,0.0,0.02,6.041076467047247,0.0,0.014264643369651116,18.93,99.76442873,-18.694428730000006,7.83,15380.0,6.003674251,4505.858332
Estonia,Estonie,2002,1402068.0,31.0,45228.0,8.5,0.0,0.03,6.062473432101724,0.0,0.021396965054476674,19.41,99.6483001,-19.0583001,7.01,14949.99981,6.77136793,5341.628947
Estonia,Estonie,2003,1402068.0,31.0,45228.0,10.11,0.0,0.05,7.2107772233586385,0.0,0.035661608424127786,19.82,99.507874,-19.327874,7.21,16940.00053,7.600265185,7203.523038
Estonia,Estonie,2004,1402068.0,31.0,45228.0,10.25,0.0,0.06,7.310629726946197,0.0,0.04279393010895335,19.97,99.41804075,-19.388040750000002,6.88,17020.00046,6.804007771,8914.103557
Estonia,Estonie,2005,1402068.0,31.0,45228.0,10.09,0.0,0.11,7.196512579988988,0.0,0.07845553853308114,18.85,98.9215686,-17.771568600000002,6.18,17229.99954,9.526426972,10412.64431
Estonia,Estonie,2006,1402068.0,31.0,45228.0,9.6,0.0,0.13,6.847028817432536,0.0,0.09272018190273225,17.18,98.6639259,-15.843925899999995,5.49,15979.99954,9.76558337,12639.40007
Estonia,Estonie,2007,1402068.0,31.0,45228.0,12.04,0.0,0.14,8.587315308529972,0.0,0.0998525035875578,18.56,98.8505747,-17.410574699999994,5.71,19979.99954,7.57914052,16744.58445
Estonia,Estonie,2008,1402068.0,31.0,45228.0,10.38,0.0,0.2,7.403349908848929,0.0,0.14264643369651114,20.29,98.1096408,-18.399640799999993,5.81,18399.99962,-5.132000958,18204.96648
Estonia,Estonie,2009,1402068.0,31.0,45228.0,8.24,0.0,0.54,5.877033068296259,0.0,0.3851453709805801,24.13,93.8496575,-17.979657500000005,6.02,15050.00019,-14.62905503,14711.73527
Estonia,Estonie,2010,1402068.0,31.0,45228.0,11.92,0.0,1.05,8.501727448312066,0.0,0.7488937769066836,25.35,91.904395,-17.254394999999995,6.77,19000.0,2.444265118,14663.04461
Estonia,Estonie,2011,1402068.0,31.0,45228.0,11.71,0.0,1.18,8.351948692930728,0.0,0.8416139588094158,24.98,90.845617,-15.825617000000005,6.3,18170.00008,7.263084581,17464.92008
Estonia,Estonie,2012,1402068.0,31.0,45228.0,10.49,0.0,1.47,7.48180544738201,0.0,1.048451287669357,24.88,87.70903,-12.589029999999998,6.0,16889.99939,3.228200494,17404.2008
Estonia,Estonie,2013,1402068.0,31.0,45228.0,12.05,0.0,1.23,8.594447630214797,0.0,0.8772755672335436,24.43,90.737951,-15.167950999999995,6.54,19319.99969,1.458428636,19050.58592
Estonia,Estonie,2014,1402068.0,31.0,45228.0,11.06,0.0,1.39,7.888347783417067,0.0,0.9913927141907525,25.3,88.835341,-14.135341,6.02,17940.00053,3.011366587,20234.11742
Estonia,Estonie,2015,1402068.0,31.0,45228.0,8.59,0.0,1.56,6.126664327265154,0.0,1.112642182832787,28.16,84.630541,-12.790540999999994,5.59,15539.99996,1.853020046,17395.04062
Estonia,Estonie,2016,1402068.0,31.0,45228.0,10.58,0.0,1.59,7.54599634254544,0.0,1.1340391478872636,27.24,86.935086,-14.175085999999997,5.94,15989.99977,3.155564814,18282.92339
Estonia,Estonie,2017,1402068.0,31.0,45228.0,11.3,0.0,1.86,8.05952350385288,0.0,1.3266118333775536,27.53,85.86626150000001,-13.396261500000008,5.36,16709.99908,5.792044675,20387.28315
Estonia,Estonie,2018,1402068.0,31.0,45228.0,10.38,0.0,1.99,7.403349908848929,0.0,1.419332015280286,28.59,83.912691,-12.502690999999995,5.54,15319.99969,4.133819798,23052.30126
Estonia,Estonie,2019,1402068.0,31.0,45228.0,5.47,0.0,2.14,3.90137996159958,0.0,1.5263168405526693,31.29,71.879105,-3.1691049999999947,4.49,10180.00031,4.096342644,23397.12001
Finland,Finlande,2000,6086610.0,18.0,338145.0,23.93,22.48,23.38,3.9315809621447735,3.6933531144594447,3.8412186750917177,31.68,34.288579999999996,34.031420000000004,6.57,55100.0,5.773362458,24285.46682
Finland,Finlande,2001,6086610.0,18.0,338145.0,29.98,22.77,21.54,4.925566119728387,3.7409986839965104,3.5389157511324036,29.25,40.355366,30.394634000000003,6.57,61090.0,2.610019124,24946.18919
Finland,Finlande,2002,6086610.0,18.0,338145.0,32.6,22.3,19.83,5.356019196235671,3.66378000233299,3.2579711859310847,29.52,43.623714,26.856286,6.79,63439.99863,1.707148962,26869.6749
Finland,Finlande,2003,6086610.0,18.0,338145.0,42.29,22.73,19.06,6.948038399043146,3.7344268813017427,3.131463984056807,28.35,50.297337,21.352663,7.02,71709.99908,2.003784203,32855.13263
Finland,Finlande,2004,6086610.0,18.0,338145.0,37.25,22.72,25.63,6.119991259502416,3.7327839306280506,4.2108825766724,31.1,43.516354,25.383646,6.83,67680.00031,3.99209129,37702.84538
Finland,Finlande,2005,6086610.0,18.0,338145.0,23.6,23.27,23.46,3.87736358991294,3.8231462176811064,3.854362280481253,31.52,33.55609,34.92391000000001,6.13,55459.99908,2.779850556,39040.28888
Finland,Finlande,2006,6086610.0,18.0,338145.0,36.68,22.91,22.46,6.0263430711019765,3.763999993428197,3.690067213112061,31.25,44.70445,24.04555,6.41,67019.99664,4.027409658,41188.0937
Finland,Finlande,2007,6086610.0,18.0,338145.0,33.18,23.42,24.32,5.451310335309803,3.8477904777864853,3.9956560384187587,31.8,41.00346,27.196540000000002,6.0,65099.99847,5.299336507,48414.84509
Finland,Finlande,2008,6086610.0,18.0,338145.0,26.25,22.96,27.77,4.3127455184413,3.772214746796657,4.5624740208424726,34.61,34.09977000000001,31.290229999999994,5.71,56659.99985,0.783995061,53554.03892
Finland,Finlande,2009,6086610.0,18.0,338145.0,26.55,23.53,21.7,4.362034038652058,3.8658629351970966,3.5652029619114747,32.46,36.988018,30.551982000000002,5.86,54180.00031,-8.074447432,47293.99283
Finland,Finlande,2010,6086610.0,18.0,338145.0,33.36,22.8,24.18,5.480883447436257,3.7459275360175863,3.9726547289870715,33.43,41.52352,25.046480000000003,6.22,62529.99878,3.185958654,46459.97325
Finland,Finlande,2011,6086610.0,18.0,338145.0,25.84,23.19,24.18,4.245384540819931,3.810002612291571,3.9726547289870715,35.14,35.29572,29.564279999999997,5.83,55119.99893,2.547664838,51081.99767
Finland,Finlande,2012,6086610.0,18.0,338145.0,18.54,22.99,28.56,3.0460305490248265,3.777143598817733,4.692267124064134,38.72,26.451700000000002,34.8283,5.71,49409.99985,-1.397545728,47710.79022
Finland,Finlande,2013,6086610.0,18.0,338145.0,21.74,23.61,25.63,3.5717747646062423,3.879006540586632,4.2108825766724,38.52,30.628349999999998,30.85165,5.67,50189.99863,-0.901696316,49878.04324
Finland,Finlande,2014,6086610.0,18.0,338145.0,17.95,23.58,26.28,2.949096459277003,3.8740776885655563,4.317674370462376,41.25,26.471016000000006,32.278983999999994,5.81,46159.99985,-0.364908157,50260.29986
Finland,Finlande,2015,6086610.0,18.0,338145.0,14.58,23.25,30.53,2.395422082242825,3.8198603163337226,5.015928406781443,43.23,21.32826,35.44174,5.5,42819.99969,0.543659212,42784.69836
Finland,Finlande,2016,6086610.0,18.0,338145.0,14.87,23.2,30.41,2.4430676517798906,3.8116455629652632,4.99621299869714,42.4,21.714370000000002,35.88563,5.55,45700.00076,2.811457767,43784.28396
Finland,Finlande,2017,6086610.0,18.0,338145.0,13.17,22.48,31.48,2.163766037252264,3.6933531144594447,5.172008720782176,44.48,19.618645,35.901355,5.34,43020.00046,3.19240963,46297.49635
Finland,Finlande,2018,6086610.0,18.0,338145.0,15.05,22.79,32.14,2.472640763906345,3.744284585343894,5.280443465245843,44.17,21.506150000000005,34.32384999999999,5.37,44580.00183,1.141947509,49964.49991
Finland,Finlande,2019,6086610.0,18.0,338145.0,12.63,23.87,31.88,2.0750467008728997,3.921723258102622,5.237726747729853,45.76,18.470309999999998,35.769690000000004,5.19,40709.99908,1.220754143,48628.64176
France,France,2000,76612319.0,119.0,643801.0,50.61,415.16,67.83,0.6605987217277681,5.418971849683861,0.8853667515272576,9.32,9.484629999999996,81.19537,4.36,373120.0,3.923669227,22364.02939
France,France,2001,76612319.0,119.0,643801.0,46.48,421.08,76.09,0.6066909422230125,5.496244017884382,0.9931823105367689,9.46,8.549620000000004,81.99037999999999,4.42,376730.0,1.983721419,22433.55498
France,France,2002,76612319.0,119.0,643801.0,52.67,436.76,62.69,0.6874873478245711,5.700910841766844,0.8182757135963995,8.73,9.539590000000004,81.73040999999999,4.38,371019.989,1.135531482,24177.33556
France,France,2003,76612319.0,119.0,643801.0,57.38,441.07,61.47,0.7489657113759994,5.757168112872291,0.8023513816361569,8.91,10.247889999999998,80.84211,4.45,376709.9915,0.823160757,29568.3888
France,France,2004,76612319.0,119.0,643801.0,56.53,448.24,62.42,0.7378708899282894,5.850756194966504,0.8147514761953623,8.95,9.966674999999995,81.083325,4.39,377790.0085,2.829752929,33741.26192
France,France,2005,76612319.0,119.0,643801.0,63.35,451.53,54.98,0.8268905161322685,5.8936996803346995,0.7176391567001125,8.66,11.11676,80.22324,4.34,380660.0037,1.66321998,34760.18502
France,France,2006,76612319.0,119.0,643801.0,56.9,450.19,60.91,0.7427004004408221,5.876209020640662,0.7950418522117834,8.52,10.017610000000005,81.46239,4.17,371549.9878,2.449323601,36443.62631
France,France,2007,76612319.0,119.0,643801.0,58.18,439.73,64.3,0.7594078962679618,5.739677453178254,0.8392906106914738,9.46,10.34845,80.19155,4.02,362829.9866,2.424736243,41508.43269
France,France,2008,76612319.0,119.0,643801.0,55.57,439.45,72.33,0.7253402680579346,5.736022688466067,0.9441040415445459,10.6,9.794655000000006,79.605345,4.03,357989.9902,0.25494596,45334.11796
France,France,2009,76612319.0,119.0,643801.0,51.32,409.74,68.15,0.6698661608193847,5.348226047040816,0.8895436254840425,11.32,9.697479999999999,78.98252,3.97,343730.011,-2.873313828,41575.42196
France,France,2010,76612319.0,119.0,643801.0,57.63,428.52,76.68,0.7522288941547377,5.593356337379632,1.0008834218945912,11.99,10.239329999999995,77.77067000000001,4.02,347779.9988,1.949437623,40638.33525
France,France,2011,76612319.0,119.0,643801.0,58.99,442.39,66.02,0.7699806084710737,5.774397717944029,0.8617413082091927,10.66,10.396550000000005,78.94345,3.85,335140.0146,2.192700633,43790.72602
France,France,2012,76612319.0,119.0,643801.0,56.42,425.41,85.25,0.7364350895056446,5.5527623436121285,1.1127453275497379,12.34,9.949219999999997,77.71078,3.84,338420.0134,0.313134751,40874.70039
France,France,2013,76612319.0,119.0,643801.0,53.35,423.68,99.42,0.6963632049827392,5.53018111878326,1.297702527448621,13.42,9.254930000000002,77.32507,3.83,338559.9976,0.576326675,42592.93539
France,France,2014,76612319.0,119.0,643801.0,35.68,436.48,94.03,0.4657214461815208,5.697256077054657,1.2273483067390245,13.2,6.301770000000005,80.49822999999999,3.65,306100.0061,0.956183052,43011.2631
France,France,2015,76612319.0,119.0,643801.0,44.65,437.43,91.84,0.5828044442826485,5.7096561716138625,1.1987628255972775,13.34,7.779830000000004,78.88016999999999,3.66,311299.9878,1.112912341,36638.18493
France,France,2016,76612319.0,119.0,643801.0,56.45,403.2,99.0,0.7368266714390932,5.262861185549024,1.2922203803803407,14.24,10.10472,75.65528,3.56,313920.0134,1.095464404,37037.37419
France,France,2017,76612319.0,119.0,643801.0,65.09,398.36,92.63,0.8496022682722866,5.199685966952652,1.2090744831780904,14.12,11.705153999999993,74.174846,3.47,317829.9866,2.291419994,38685.25849
France,France,2018,76612319.0,119.0,643801.0,49.27,412.94,113.62,0.6431080620337312,5.389994786608665,1.4830513092809525,15.21,8.556349999999995,76.23365000000001,3.4,307049.9878,1.865066071,41572.48501
France,France,2019,76612319.0,119.0,643801.0,53.5,399.01,113.21,0.698321114649982,5.208170242177371,1.477699689523822,15.53,9.456980000000001,75.01302,3.29,300519.989,1.842971814,40578.64429
Germany,Allemagne,2000,85685280.0,240.0,357022.0,367.22,169.61,35.47,4.285683608666506,1.9794531802895434,0.4139567496307417,3.7,64.16564600000001,32.13435399999999,4.0,830280.0,2.912502964,23635.92922
Germany,Allemagne,2001,85685280.0,240.0,357022.0,372.69,171.3,37.9,4.349521878203584,1.9991765213348196,0.44231634651832846,3.9,64.048187,32.051813,4.05,847680.0,1.681468481,23607.88286
Germany,Allemagne,2002,85685280.0,240.0,357022.0,372.64,164.84,44.48,4.348938347403428,1.9237843419546508,0.519108999818872,4.41,64.03189499999999,31.55810500000001,3.97,833380.0049,-0.197973835,25077.72908
Germany,Allemagne,2003,85685280.0,240.0,357022.0,390.81,165.06,46.67,4.560993440180157,1.9263518774753376,0.5446676488657095,5.44,64.860424,29.699576000000004,3.99,836789.978,-0.700116686,30243.57653
Germany,Allemagne,2004,85685280.0,240.0,357022.0,385.24,167.07,57.97,4.4959881090427665,1.949809815641613,0.6765456097009895,6.34,63.125126,30.534874,3.97,821070.0073,1.175088132,34044.05363
Germany,Allemagne,2005,85685280.0,240.0,357022.0,386.96,163.05,63.4,4.516061568568137,1.9028939393090623,0.7399170545979427,7.28,63.083416,29.636584,3.92,802380.0049,0.731707164,34507.36881
Germany,Allemagne,2006,85685280.0,240.0,357022.0,390.03,167.27,72.51,4.551890359697722,1.9521439388422375,0.8462363663863851,8.59,61.9282,29.481800000000003,3.89,814409.9731,3.816441913,36323.44774
Germany,Allemagne,2007,85685280.0,240.0,357022.0,402.4,140.53,89.38,4.696255879656342,1.640071666918752,1.0431196583590554,10.47,63.63967,25.89033,3.58,783799.9878,2.976455131,41587.2129
Germany,Allemagne,2008,85685280.0,240.0,357022.0,390.43,148.49,94.28,4.556558606098971,1.732969770303604,1.1003056767743538,10.25,61.659824,28.090176,3.59,789690.0024,0.959879134,45427.15168
Germany,Allemagne,2009,85685280.0,240.0,357022.0,358.07,134.93,95.94,4.178897472237939,1.574716217301268,1.1196788993395366,10.72,60.799065,28.480935000000002,3.56,734809.9976,-5.693836336,41485.90165
Germany,Allemagne,2010,85685280.0,240.0,357022.0,378.9,140.56,105.18,4.421996403582972,1.6404217853988456,1.227515391208385,11.61,60.65894,27.73106,3.6,773070.0073,4.179882499,41531.9342
Germany,Allemagne,2011,85685280.0,240.0,357022.0,373.16,107.97,124.04,4.355007067725052,1.2600764098570956,1.4476232090272683,12.54,61.66201,25.79799,3.28,746479.9805,3.925192705,46644.77603
Germany,Allemagne,2012,85685280.0,240.0,357022.0,377.89,99.46,143.04,4.410209081419819,1.1607594676705264,1.6693649130865884,13.64,60.911686,25.448313999999996,3.29,760130.0049,0.418497594,43858.36306
Germany,Allemagne,2013,85685280.0,240.0,357022.0,381.52,97.29,152.34,4.452573417511153,1.1354342309437513,1.7779016419156242,13.63,60.44839,25.921609999999994,3.35,776150.0244,0.437591303,46285.76407
Germany,Allemagne,2014,85685280.0,240.0,357022.0,360.28,97.13,162.54,4.204689533604839,1.1335669323832518,1.89694192514747,14.02,58.11436,27.865640000000003,3.13,736010.0098,2.209543431,47959.99327
Germany,Allemagne,2015,85685280.0,240.0,357022.0,359.99,91.79,188.79,4.2013050549639335,1.0712458429265797,2.2032955952294255,14.55,56.19839,29.251609999999996,3.1,742309.9976,1.491931528,41086.72967
Germany,Allemagne,2016,85685280.0,240.0,357022.0,368.67,84.63,189.67,4.302606001871033,0.9876842323442253,2.213565737312173,14.24,57.3386,28.4214,3.04,747150.0244,2.229999868,42107.51727
Germany,Allemagne,2017,85685280.0,240.0,357022.0,353.37,76.32,216.32,4.1240455770232645,0.8907014133582805,2.5245876537953778,15.22,54.70039,30.079610000000002,2.98,732200.0122,2.680231114,44542.2952
Germany,Allemagne,2018,85685280.0,240.0,357022.0,334.65,76.0,222.07,3.9055716454448186,0.8869668162372814,2.59169369581333,16.12,52.890694,30.989305999999996,2.87,707700.0122,1.086024514,47950.18081
Germany,Allemagne,2019,85685280.0,240.0,357022.0,284.09,75.07,240.33,3.315505300326964,0.8761131433543778,2.8047991440303397,17.17,47.388615,35.441385,2.76,657400.0244,1.055508247,46794.89929
Greece,Grèce,2000,10688517.0,81.0,131957.0,49.28,0.0,4.14,4.610555421299325,0.0,0.3873315633964936,7.82,92.2500935,-0.0700935000000058,3.6,94460.0,3.919770905,12042.95371
Greece,Grèce,2001,10688517.0,81.0,131957.0,50.14,0.0,2.94,4.6910156011353115,0.0,0.2750615450206984,7.11,94.4611907,-1.5711907000000034,3.58,96610.0,4.131611969,12538.17887
Greece,Grèce,2002,10688517.0,81.0,131957.0,50.37,0.0,3.58,4.712534021324006,0.0,0.3349388881544558,7.33,93.3642263,-0.6942262999999986,3.48,96599.99847,3.922872114,14110.31337
Greece,Grèce,2003,10688517.0,81.0,131957.0,52.01,0.0,5.89,4.86596971310426,0.0,0.5510586735278618,7.6,89.82728900000001,2.572710999999993,3.39,100220.0012,5.794530776,18477.57836
Greece,Grèce,2004,10688517.0,81.0,131957.0,52.89,0.0,5.91,4.948301059913176,0.0,0.5529298405007916,7.85,89.948979,2.201021000000006,3.29,99839.99634,5.060992902,21955.10414
Greece,Grèce,2005,10688517.0,81.0,131957.0,53.02,0.0,6.41,4.960463645237221,0.0,0.5997090148240397,8.01,89.214202,2.775798,3.33,101949.9969,0.59914188,22551.73577
Greece,Grèce,2006,10688517.0,81.0,131957.0,52.5,0.0,7.67,4.9118133039410425,0.0,0.7175925341186247,8.51,87.252784,4.237215999999995,3.15,100699.9969,5.652433708,24801.15778
Greece,Grèce,2007,10688517.0,81.0,131957.0,58.12,0.0,4.59,5.4376112233343505,0.0,0.42943282028741686,8.05,92.680593,-0.7305930000000025,3.04,104309.9976,3.273746933,28827.32639
Greece,Grèce,2008,10688517.0,81.0,131957.0,57.17,0.0,5.75,5.348730792120179,0.0,0.5379605047173522,8.32,90.861411,0.8185889999999958,3.07,100410.0037,-0.335172558,31997.28202
Greece,Grèce,2009,10688517.0,81.0,131957.0,52.91,0.0,8.16,4.950172226886106,0.0,0.7634361249554078,9.19,86.638284,4.171716000000002,3.11,94739.99786,-4.300733458,29710.97023
Greece,Grèce,2010,10688517.0,81.0,131957.0,46.85,0.0,10.53,4.38320863408834,0.0,0.9851694112476034,11.37,81.648659,6.981341000000006,3.09,87580.00183,-5.478627432,26690.60742
Greece,Grèce,2011,10688517.0,81.0,131957.0,51.04,0.0,8.15,4.775218114917158,0.0,0.7625005414689427,11.38,86.2307825,2.3892174999999956,3.33,84550.00305,-10.14931483,25450.53412
Greece,Grèce,2012,10688517.0,81.0,131957.0,50.62,0.0,10.13,4.7359236084856295,0.0,0.9477460717890049,14.17,83.325104,2.504896000000004,3.55,80089.99634,-7.086696786,21914.25173
Greece,Grèce,2013,10688517.0,81.0,131957.0,42.76,0.0,14.36,4.000554988124171,0.0,1.3434978865636833,16.61,74.859943,8.530057,3.21,72480.00336,-2.515997222,21781.59535
Greece,Grèce,2014,10688517.0,81.0,131957.0,38.17,0.0,12.18,3.571122167836754,0.0,1.1395406865143218,16.41,75.809334,7.780665999999993,3.16,69550.00305,0.475695947,21587.95755
Greece,Grèce,2015,10688517.0,81.0,131957.0,36.98,0.0,14.85,3.459787732947424,0.0,1.3893414774004662,17.47,71.34864,11.181359999999998,3.18,68010.00214,-0.19608763,18076.60676
Greece,Grèce,2016,10688517.0,81.0,131957.0,39.52,0.0,14.89,3.697425938509524,0.0,1.3930838113463262,16.41,72.633707,10.956292999999999,3.13,66849.99847,-0.487173294,17911.79938
Greece,Grèce,2017,10688517.0,81.0,131957.0,41.38,0.0,13.8,3.8714444669920063,0.0,1.2911052113216455,16.38,74.990938,8.629062000000001,3.14,66800.00305,1.09214912,18536.19072
Greece,Grèce,2018,10688517.0,81.0,131957.0,37.11,0.0,16.14,3.4719503182714684,0.0,1.5100317471544462,17.86,69.69014200000001,12.449857999999992,3.0,65019.99664,1.668428636,19747.34258
Greece,Grèce,2019,10688517.0,81.0,131957.0,32.48,0.0,16.1,3.0387751640381913,0.0,1.5062894132085864,18.51,66.85879,14.63121,2.9,60000.0,1.803595256,19133.75776
Hungary,Hongrie,2000,9953996.0,107.0,93028.0,20.77,14.18,0.24,2.086599190917899,1.4245535159949834,0.024110919875796614,5.17,59.02245,35.80755,5.28,54630.0,4.479193809,4624.281657
Hungary,Hongrie,2001,9953996.0,107.0,93028.0,22.03,14.13,0.26,2.213181520265831,1.4195304076875257,0.026120163198779665,5.12,60.48874,34.39126,5.2,56280.0,4.074091517,5276.033189
Hungary,Hongrie,2002,9953996.0,107.0,93028.0,21.97,13.95,0.23,2.2071537902968816,1.4014472177806783,0.02310629821430509,5.17,60.77455,34.05545,4.96,55599.99847,4.74128193,6655.333009
Hungary,Hongrie,2003,9953996.0,107.0,93028.0,22.79,11.01,0.33,2.2895327665391867,1.1060884493021697,0.033152514829220346,5.01,66.7741,28.215899999999998,4.87,58189.99863,4.084523338,8421.103313
Hungary,Hongrie,2004,9953996.0,107.0,93028.0,20.86,11.91,0.94,2.0956407858713226,1.196504398836407,0.0944344361802034,4.63,61.880745,33.489255,4.63,56349.99847,5.000448324,10303.70419
Hungary,Hongrie,2005,9953996.0,107.0,93028.0,20.05,13.83,1.87,2.0142664312905088,1.38939175784278,0.1878642506989153,7.29,56.083916,36.626084,4.78,55919.99817,4.295278477,11225.93258
Hungary,Hongrie,2006,9953996.0,107.0,93028.0,20.9,13.46,1.49,2.0996592725172887,1.3522207563675934,0.1496886275622373,7.86,58.298466,33.841534,4.55,55459.99908,3.947769723,11493.10041
Hungary,Hongrie,2007,9953996.0,107.0,93028.0,23.4,14.68,1.88,2.35081468789017,1.4747845990695596,0.1888688723604068,9.0,58.55856,32.44144,4.45,53849.99847,0.276980757,13944.97101
Hungary,Hongrie,2008,9953996.0,107.0,93028.0,22.85,14.82,2.35,2.295560496508136,1.488849302330441,0.23608609045050852,8.96,57.09645,33.94355,4.35,53009.99832,1.006464779,15777.19202
Hungary,Hongrie,2009,9953996.0,107.0,93028.0,17.59,15.43,2.89,1.7671295025635936,1.550131223681424,0.2903356601710509,12.29,48.98357,38.72643,4.43,47840.00015,-6.595474129,13081.79264
Hungary,Hongrie,2010,9953996.0,107.0,93028.0,18.59,15.76,3.02,1.867591668712746,1.5832837385106444,0.30339574177044076,13.46,49.74578,36.794219999999996,4.54,47880.00107,1.083118668,13223.083
Hungary,Hongrie,2011,9953996.0,107.0,93028.0,17.62,15.69,2.71,1.7701433675480682,1.5762513868802037,0.27225247026420346,14.74,48.91727,36.342729999999996,4.36,46909.99985,1.860155072,14240.2575
Hungary,Hongrie,2012,9953996.0,107.0,93028.0,16.19,15.79,2.64,1.6264824699547802,1.5862976034951188,0.26522011863376277,16.47,46.764874,36.765126,4.21,43430.00031,-1.257749507,12989.18028
Hungary,Hongrie,2013,9953996.0,107.0,93028.0,12.1,15.37,2.78,1.215592210404746,1.544103493712475,0.2792848218946441,17.18,40.0,42.82,4.0,40759.99832,1.806363928,13719.95054
Hungary,Hongrie,2014,9953996.0,107.0,93028.0,10.54,15.65,3.16,1.058871231212068,1.5722329002342377,0.3174604450313221,15.72,35.911415000000005,48.368584999999996,3.83,40630.00107,4.223725539,14298.83367
Hungary,Hongrie,2015,9953996.0,107.0,93028.0,11.24,15.83,3.22,1.1291947475164748,1.590316090141085,0.32348817500027127,15.6,37.107964,47.292035999999996,3.9,43380.00107,3.703259936,12720.71202
Hungary,Hongrie,2016,9953996.0,107.0,93028.0,12.51,16.05,3.25,1.2567816985258986,1.6124177666938986,0.3265020399847458,15.34,39.32726,45.33274,3.86,44250.0,2.191960369,13107.37791
Hungary,Hongrie,2017,9953996.0,107.0,93028.0,13.25,16.1,3.48,1.3311237014762713,1.6174408750013565,0.3496083381990509,14.54,40.359432,45.100568,3.87,46439.99863,4.268557419,14623.69665
Hungary,Hongrie,2018,9953996.0,107.0,93028.0,12.43,15.73,3.77,1.2487447252339663,1.5802698735261698,0.37874236638230513,13.58,38.92891,47.49109,3.66,46400.00153,5.359496489,16427.37276
Hungary,Hongrie,2019,9953996.0,107.0,93028.0,13.2,16.29,4.7,1.326100593168814,1.6365286865696953,0.47217218090101704,13.64,38.607777,47.752223,3.51,46380.00107,4.554063072,16735.65978
Ireland,Irlande,2000,6162733.0,73.0,84421.0,22.49,0.0,1.18,3.6493549209417315,0.0,0.19147349073860576,2.04,95.014787,2.9452130000000016,3.12,42530.0,9.399418006,26269.18162
Ireland,Irlande,2001,6162733.0,73.0,84421.0,23.61,0.0,1.03,3.8310924714732897,0.0,0.16713364022098637,1.97,95.819805,2.210194999999998,3.08,44820.0,5.304484392,28257.93859
Ireland,Irlande,2002,6162733.0,73.0,84421.0,23.46,0.0,1.38,3.8067526209556704,0.0,0.22392662476209824,2.25,94.4444447,3.3055552999999946,2.92,43930.00031,5.896231721,32550.27907
Ireland,Irlande,2003,6162733.0,73.0,84421.0,23.72,0.0,1.14,3.8489416951862103,0.0,0.18498286393390725,2.01,95.4143205,2.575679499999998,2.77,44090.00015,3.009584321,41112.74822
Ireland,Irlande,2004,6162733.0,73.0,84421.0,23.83,0.0,1.39,3.8667909188991314,0.0,0.22554928146327288,2.31,94.488501,3.2014990000000005,2.67,44689.99863,6.785872817,47666.54708
Ireland,Irlande,2005,6162733.0,73.0,84421.0,23.75,0.0,1.87,3.8538096652897345,0.0,0.3034368031196549,2.89,92.701015,4.408985000000001,2.55,46650.00153,5.73621145,50914.03129
Ireland,Irlande,2006,6162733.0,73.0,84421.0,24.64,0.0,2.47,3.998226111694276,0.0,0.40079620519013237,3.23,90.888971,5.881029000000002,2.44,47259.99832,4.980502016,54283.68178
Ireland,Irlande,2007,6162733.0,73.0,84421.0,25.56,0.0,2.81,4.147510528202341,0.0,0.4559665330300696,3.57,90.095171,6.334829000000006,2.36,46360.00061,5.30546835,61318.46603
Ireland,Irlande,2008,6162733.0,73.0,84421.0,26.32,0.0,3.6,4.270832437491613,0.0,0.584156412422865,4.21,87.967915,7.822084999999995,2.45,45779.99878,-4.486599314,61103.51347
Ireland,Irlande,2009,6162733.0,73.0,84421.0,23.85,0.0,4.12,3.8700362323014805,0.0,0.6685345608839455,5.3,85.269932,9.430068000000002,2.5,40560.00137,-5.100471121,51927.23096
Ireland,Irlande,2010,6162733.0,73.0,84421.0,24.44,0.0,3.72,3.9657729776707833,0.0,0.6036282928369605,5.31,86.789773,7.900227000000004,2.45,40189.99863,1.755080743,48607.94052
Ireland,Irlande,2011,6162733.0,73.0,84421.0,21.73,0.0,5.43,3.52603301165246,0.0,0.8811025887378213,6.61,80.007364,13.382636000000005,2.23,36680.00031,1.068526654,52108.83323
Ireland,Irlande,2012,6162733.0,73.0,84421.0,21.88,0.0,5.25,3.550372862170079,0.0,0.8518947681166781,6.64,80.64872700000001,12.711272999999991,2.23,37130.00107,-0.052354785,49028.82739
Ireland,Irlande,2013,6162733.0,73.0,84421.0,19.94,0.0,5.63,3.235577462142202,0.0,0.9135557227613138,7.44,77.98201,14.577989999999996,2.19,35709.99908,1.267014661,51518.3881
Ireland,Irlande,2014,6162733.0,73.0,84421.0,19.42,0.0,6.39,3.1511993136811216,0.0,1.0368776320505853,8.55,75.242153,16.207846999999997,1.97,35529.99878,8.713697808,55525.89725
Ireland,Irlande,2015,6162733.0,73.0,84421.0,20.24,0.0,7.86,3.284257163177441,0.0,1.275408167123255,9.2,72.028471,18.771529000000005,1.64,37060.00137,25.17624519,61987.551
Ireland,Irlande,2016,6162733.0,73.0,84421.0,22.71,0.0,7.52,3.6850533683675732,0.0,1.220237839283318,8.59,75.124048,16.285951999999998,1.69,38819.99969,2.042232527,62818.96636
Ireland,Irlande,2017,6162733.0,73.0,84421.0,21.78,0.0,8.88,3.534146295158333,0.0,1.440919150643067,10.1,71.037182,18.862817999999997,1.51,37779.99878,8.940012772,69601.68388
Ireland,Irlande,2018,6162733.0,73.0,84421.0,20.7,0.0,10.2,3.3588993714314737,0.0,1.6551098351981175,10.78,66.99029,22.229709999999997,1.41,37659.99985,9.0301611,79068.97461
Ireland,Irlande,2019,6162733.0,73.0,84421.0,18.92,0.0,11.8,3.0700664786223903,0.0,1.9147349073860576,12.34,61.58854,26.07146,1.32,35750.0,4.917006978,80886.61574
Italy,Italie,2000,62076040.0,206.0,301340.0,218.28,0.0,50.87,3.5163325495634066,0.0,0.8194788198474,5.12,81.09975800000001,13.78024199999999,2.93,436300.0,3.786955143,20087.59199
Italy,Italie,2001,62076040.0,206.0,301340.0,216.73,0.0,54.35,3.4913631732952037,0.0,0.875539096888268,5.38,79.950567,14.669432999999994,2.88,436570.0,1.951371556,20483.21599
Italy,Italie,2002,62076040.0,206.0,301340.0,228.45,0.0,48.31,3.6801638764328395,0.0,0.7782390758173363,5.6,82.544443,11.855557,2.9,443470.0012,0.253942999,22270.14412
Italy,Italie,2003,62076040.0,206.0,301340.0,238.52,0.0,46.86,3.842384275801098,0.0,0.754880627050308,6.24,83.57978800000001,10.180211999999992,3.03,462200.0122,0.138626891,27465.6753
Italy,Italie,2004,62076040.0,206.0,301340.0,240.95,0.0,53.88,3.8815298140796353,0.0,0.8679677376327485,5.94,81.725061,12.334939000000002,3.01,472399.9939,1.423594158,31259.7165
Italy,Italie,2005,62076040.0,206.0,301340.0,247.29,0.0,48.43,3.98366261765409,0.0,0.7801721888187455,6.7,83.62302199999999,9.676978000000009,3.04,473829.9866,0.817848974,32043.14037
Italy,Italie,2006,62076040.0,206.0,301340.0,256.03,0.0,50.64,4.124457681256729,0.0,0.8157736865946991,7.51,83.487137,9.002862999999996,2.96,466649.9939,1.790639681,33501.65817
Italy,Italie,2007,62076040.0,206.0,301340.0,259.49,0.0,47.72,4.180195772797362,0.0,0.7687346035604076,8.73,84.466651,6.803349000000001,2.91,459369.9951,1.48707298,37822.66524
Italy,Italie,2008,62076040.0,206.0,301340.0,254.34,0.0,58.16,4.097233006486883,0.0,0.9369154346830113,10.82,81.3888,7.791199999999996,2.9,444980.011,-0.962012841,40778.34274
Italy,Italie,2009,62076040.0,206.0,301340.0,218.32,0.0,69.26,3.5169769205638763,0.0,1.115728387313366,12.54,75.916265,11.543735000000005,2.86,397059.9976,-5.280937208,37079.75867
Italy,Italie,2010,62076040.0,206.0,301340.0,220.93,0.0,76.98,3.559022128344527,0.0,1.240091990404027,12.79,74.15998,13.050019999999996,2.88,405269.989,1.713295839,36000.52012
Italy,Italie,2011,62076040.0,206.0,301340.0,216.78,0.0,82.96,3.4921686370457907,0.0,1.3364254549742542,11.9,72.32267999999999,15.777320000000008,2.76,396690.0024,0.707333347,38599.06221
Italy,Italie,2012,62076040.0,206.0,301340.0,204.26,0.0,92.22,3.2904805138987605,0.0,1.4855973415830004,14.39,68.895037,16.714962999999997,2.73,376750.0,-2.980905768,35053.52624
Italy,Italie,2013,62076040.0,206.0,301340.0,175.07,0.0,112.0,2.8202507763059628,0.0,1.8042388013152901,16.32,60.985126,22.694874,2.68,346459.9915,-1.841065451,35549.9747
Italy,Italie,2014,62076040.0,206.0,301340.0,156.76,0.0,120.68,2.5252899508409365,0.0,1.944067308417225,17.13,56.502308,26.367692,2.53,327500.0,-0.004547542,35518.41529
Italy,Italie,2015,62076040.0,206.0,301340.0,172.06,0.0,108.89,2.7717618585206143,0.0,1.7541389560287672,16.57,61.242214,22.187786000000003,2.61,337859.9854,0.778304351,30230.2263
Italy,Italie,2016,62076040.0,206.0,301340.0,179.19,0.0,108.01,2.8866209893543466,0.0,1.7399627940184328,16.09,62.392063,21.517937,2.55,333339.9963,1.293462732,30939.71425
Italy,Italie,2017,62076040.0,206.0,301340.0,189.44,0.0,103.89,3.051741058224719,0.0,1.673592580970049,16.43,64.58255,18.987450000000003,2.55,329190.0024,1.667859041,32326.67421
Italy,Italie,2018,62076040.0,206.0,301340.0,172.98,0.0,114.41,2.7865823915314185,0.0,1.8430621540935923,17.08,60.189987,22.730013,2.48,324880.0049,0.925810941,34605.26273
Italy,Italie,2019,62076040.0,206.0,301340.0,175.52,0.0,115.83,2.8274999500612474,0.0,1.8659373246102684,17.27,60.243694,22.486306000000003,2.45,317239.9902,0.410278294,33641.63375
Latvia,Lettonie,2000,1937670.0,30.0,64589.0,1.32,0.0,2.82,0.6812305500936692,0.0,1.4553561752001114,35.82,31.884056,32.295944,5.27,6930.0,5.675735172,3361.640869
Latvia,Lettonie,2001,1937670.0,30.0,64589.0,1.44,0.0,2.83,0.7431606001021845,0.0,1.4605170127008211,35.35,33.723656000000005,30.926343999999993,5.32,7360.0,6.328269951,3578.0019
Latvia,Lettonie,2002,1937670.0,30.0,64589.0,1.49,0.0,2.48,0.7689647876057326,0.0,1.2798877001759845,34.38,37.531487,28.088513,4.92,7349.999905,7.087085682,4136.933297
Latvia,Lettonie,2003,1937670.0,30.0,64589.0,1.63,0.0,2.34,0.8412165126156673,0.0,1.20763597516605,34.34,41.057938,24.602061999999997,4.82,7590.000153,8.422494257,5145.195232
Latvia,Lettonie,2004,1937670.0,30.0,64589.0,1.49,0.0,3.2,0.7689647876057326,0.0,1.651468000227077,36.11,31.769720000000007,32.120279999999994,4.56,7619.999886,8.281972087,6378.666521
Latvia,Lettonie,2005,1937670.0,30.0,64589.0,1.5,0.0,3.42,0.7741256251064422,0.0,1.7650064252426885,36.3,30.487809999999996,33.21219000000001,4.2,7710.000038,10.71522829,7594.902384
Latvia,Lettonie,2006,1937670.0,30.0,64589.0,2.1,0.0,2.79,1.0837758751490192,0.0,1.4398736626979827,34.0,42.944782,23.055218000000004,3.88,8199.999809,11.96520396,9723.446902
Latvia,Lettonie,2007,1937670.0,30.0,64589.0,1.94,0.0,2.82,1.0012024751376654,0.0,1.4553561752001114,33.08,40.756306,26.163694,3.61,8529.999733,9.943002121,14113.52913
Latvia,Lettonie,2008,1937670.0,30.0,64589.0,2.06,0.0,3.21,1.0631325251461807,0.0,1.6566288377277865,33.71,39.089184,27.200815999999996,3.57,8109.999657,-3.242799942,16467.14369
Latvia,Lettonie,2009,1937670.0,30.0,64589.0,2.01,0.0,3.56,1.0373283376426325,0.0,1.837258150252623,38.4,36.086178,25.513822000000005,4.0,7360.000134,-14.24828338,12331.92855
Latvia,Lettonie,2010,1937670.0,30.0,64589.0,2.99,0.0,3.64,1.543090412712175,0.0,1.8785448502583,33.07,45.09804,21.831960000000002,4.28,8520.000458,-4.470941885,11420.994
Latvia,Lettonie,2011,1937670.0,30.0,64589.0,3.01,0.0,3.08,1.5534120877135942,0.0,1.5895379502185614,35.54,49.42529,15.034710000000004,3.8,7900.000095,2.564422968,13338.96224
Latvia,Lettonie,2012,1937670.0,30.0,64589.0,2.06,0.0,4.11,1.0631325251461807,0.0,2.121104212791652,40.37,33.38736,26.24264,3.78,7570.000172,7.037317185,13847.33794
Latvia,Lettonie,2013,1937670.0,30.0,64589.0,2.67,0.0,3.53,1.3779436126894673,0.0,1.8217756377504941,39.6,43.064514,17.335485999999996,3.63,7449.999809,2.010744815,15007.49186
Latvia,Lettonie,2014,1937670.0,30.0,64589.0,2.34,0.0,2.8,1.20763597516605,0.0,1.4450345001986922,40.24,45.52529,14.23471,3.59,7280.00021,1.900096243,15721.45233
Latvia,Lettonie,2015,1937670.0,30.0,64589.0,2.76,0.0,2.78,1.4243911501958537,0.0,1.434712825197273,38.1,49.819492,12.080508000000002,3.39,7320.000172,3.885027277,13780.91355
Latvia,Lettonie,2016,1937670.0,30.0,64589.0,2.94,0.0,3.48,1.5172862252086268,0.0,1.7959714502469462,38.48,45.79439,15.725610000000003,3.31,7150.000095,2.367609543,14322.02268
Latvia,Lettonie,2017,1937670.0,30.0,64589.0,2.07,0.0,5.46,1.0682933626468902,0.0,2.81781727538745,42.6,27.490039999999993,29.909960000000005,3.31,7119.999886,3.31308889,15656.34749
Latvia,Lettonie,2018,1937670.0,30.0,64589.0,3.23,0.0,3.49,1.6669505127292057,0.0,1.8011322877476557,40.97,48.065475,10.964525000000002,3.35,7789.999962,3.989480387,17856.30712
Latvia,Lettonie,2019,1937670.0,30.0,64589.0,3.25,0.0,3.19,1.677272187730625,0.0,1.6463071627263672,41.52,50.46584,8.014159999999997,3.18,7570.000172,2.484326355,17926.84159
Lithuania,Lituanie,2000,2807900.0,43.0,65300.0,2.27,8.42,0.34,0.8084333487659817,2.9986822892553153,0.12108693329534527,17.19,20.58023,62.22977,6.17,10510.0,3.695525421,3293.229979
Lithuania,Lituanie,2001,2807900.0,43.0,65300.0,2.6,11.36,0.33,0.9259589016702874,4.045728124220948,0.1175255529043057,17.59,18.194540000000003,64.21546,6.72,11150.0,6.526108902,3525.793632
Lithuania,Lituanie,2002,2807900.0,43.0,65300.0,2.66,14.14,0.35,0.9473271840165248,5.035791872929948,0.12464831368638485,17.89,15.510199999999998,66.5998,6.75,11220.00027,6.751414576,4141.592702
Lithuania,Lituanie,2003,2807900.0,43.0,65300.0,2.85,15.48,0.33,1.0149934114462766,5.51301684532925,0.1175255529043057,18.07,15.273309999999995,66.65669,6.37,11229.99954,10.56595699,5499.428989
Lithuania,Lituanie,2004,2807900.0,43.0,65300.0,3.05,15.1,0.43,1.0862210192670678,5.377684390469746,0.15313935681470137,18.07,16.415499999999994,65.5145,6.06,11909.99985,6.569490118,6700.327192
Lithuania,Lituanie,2005,2807900.0,43.0,65300.0,3.42,10.34,0.46,1.217992093735532,3.682467324334912,0.1638234979878201,17.51,24.05064,58.43935999999999,5.31,12829.99992,7.732367604,7854.765279
Lithuania,Lituanie,2006,2807900.0,43.0,65300.0,2.79,8.65,0.43,0.9936251291000392,3.0805940382492256,0.15313935681470137,17.46,23.504630000000006,59.03536999999999,4.86,13020.00046,7.414121335,9230.707981
Lithuania,Lituanie,2007,2807900.0,43.0,65300.0,2.82,9.83,0.58,1.004309270273158,3.500836924391894,0.2065600626802949,17.06,21.31519,61.62481,4.74,13210.00004,11.10748014,12285.44705
Lithuania,Lituanie,2008,2807900.0,43.0,65300.0,2.6,9.89,0.6,0.9259589016702874,3.5222052067381315,0.21368282346237402,18.34,19.862489999999994,61.79751,4.66,13060.00042,2.614423033,14944.99665
Lithuania,Lituanie,2009,2807900.0,43.0,65300.0,2.84,10.85,0.68,1.011432031055237,3.86409772427793,0.24217386659069054,20.09,19.763400000000004,60.14659999999999,5.03,11689.99958,-14.83860837,11820.77616
Lithuania,Lituanie,2010,2807900.0,43.0,65300.0,3.84,0.0,0.91,1.3675700701591937,0.0,0.3240856155846006,21.46,80.842106,-2.302106000000002,3.98,12600.00038,1.651240653,11987.50841
Lithuania,Lituanie,2011,2807900.0,43.0,65300.0,2.88,0.0,1.11,1.0256775526193953,0.0,0.39531322340539193,22.74,72.18045000000001,5.079549999999994,3.89,11850.00038,6.03900816,14376.94786
Lithuania,Lituanie,2012,2807900.0,43.0,65300.0,3.12,0.0,1.18,1.1111506820043449,0.0,0.4202428861426689,23.92,72.558142,3.5218579999999946,3.78,11930.00031,3.843864749,14367.70942
Lithuania,Lituanie,2013,2807900.0,43.0,65300.0,2.45,0.0,1.53,0.8725381958046939,0.0,0.5448911998290538,26.34,61.55779,12.102210000000003,3.45,11329.99992,3.550072843,15729.65247
Lithuania,Lituanie,2014,2807900.0,43.0,65300.0,1.95,0.0,1.51,0.6944691762527155,0.0,0.5377684390469746,27.73,56.358383,15.911616999999996,3.34,10859.99966,3.537009879,16551.0182
Lithuania,Lituanie,2015,2807900.0,43.0,65300.0,2.32,0.0,1.68,0.8262402507211796,0.0,0.5983119056946472,28.96,58.0,13.04,3.3,11069.99969,2.024583955,14258.22933
Lithuania,Lituanie,2016,2807900.0,43.0,65300.0,1.31,0.0,2.1,0.4665408312261833,0.0,0.7478898821183091,31.47,38.416428,30.113571999999998,3.3,11199.99981,2.518828273,14998.12506
Lithuania,Lituanie,2017,2807900.0,43.0,65300.0,0.82,0.0,2.53,0.2920331920652445,0.0,0.9010292389330105,33.78,24.47761,41.74239,3.31,11220.00027,4.282596951,16843.69965
Lithuania,Lituanie,2018,2807900.0,43.0,65300.0,0.55,0.0,2.2,0.19587592150717617,0.0,0.7835036860287047,33.73,20.0,46.27,3.22,11649.99962,3.993310328,19176.81215
Lithuania,Lituanie,2019,2807900.0,43.0,65300.0,0.67,0.0,2.47,0.23861248619965097,0.0,0.879660956586773,33.53,21.337585000000004,45.132414999999995,3.08,11729.99954,4.573771737,19575.76848
Luxembourg,Luxembourg,2000,625812.0,242.0,2586.0,0.24,0.0,0.16,0.3835017545205269,0.0,0.25566783634701795,6.81,60.0,33.19,3.35,8560.0,6.938130249,48538.7829
Luxembourg,Luxembourg,2001,625812.0,242.0,2586.0,0.7,0.0,0.17,1.1185467840182035,0.0,0.2716470761187066,3.42,80.45976999999999,16.120230000000006,3.44,9120.0,3.074354999,48398.22929
Luxembourg,Luxembourg,2002,625812.0,242.0,2586.0,2.65,0.0,0.15,4.234498539497485,0.0,0.23968859657532934,1.32,94.6428566,4.037143399999998,3.44,9819.999695,3.2254169,52754.27325
Luxembourg,Luxembourg,2003,625812.0,242.0,2586.0,2.65,0.0,0.14,4.234498539497485,0.0,0.2237093568036407,1.28,94.9820786,3.7379214000000056,3.57,10239.99977,2.619378579,65544.59195
Luxembourg,Luxembourg,2004,625812.0,242.0,2586.0,3.18,0.0,0.19,5.081398247396982,0.0,0.3036055556620838,1.35,94.3620176,4.287982399999999,3.84,11659.99985,4.231891307,76404.41504
Luxembourg,Luxembourg,2005,625812.0,242.0,2586.0,3.14,0.0,0.21,5.017481288310227,0.0,0.3355640352054611,1.87,93.7313433,4.398656699999994,3.8,11909.99985,2.482874748,80957.94128
Luxembourg,Luxembourg,2006,625812.0,242.0,2586.0,3.29,0.0,0.25,5.257169884885557,0.0,0.39948099429221556,2.08,92.937853,4.982146999999996,3.57,11720.00027,6.016715044,90712.79929
Luxembourg,Luxembourg,2007,625812.0,242.0,2586.0,2.93,0.0,0.26,4.681917253104766,0.0,0.4154602340639042,3.64,91.84953,4.510469999999998,3.2,11109.99966,8.098667607,107338.8652
Luxembourg,Luxembourg,2008,625812.0,242.0,2586.0,2.44,0.0,0.28,3.898934504292024,0.0,0.4474187136072814,3.96,89.705882,6.3341179999999975,3.24,11020.00046,-0.300176194,119932.2437
Luxembourg,Luxembourg,2009,625812.0,242.0,2586.0,2.88,0.0,0.27,4.602021054246324,0.0,0.4314394738355928,3.73,91.428571,4.841428999999994,3.19,10439.99958,-3.238954027,108987.6776
Luxembourg,Luxembourg,2010,625812.0,242.0,2586.0,2.97,0.0,0.27,4.745834212191521,0.0,0.4314394738355928,3.68,91.66666599999999,4.653334000000008,3.24,11029.99973,3.760413593,110777.9079
Luxembourg,Luxembourg,2011,625812.0,242.0,2586.0,2.4,0.0,0.24,3.8350175452052695,0.0,0.3835017545205269,3.76,90.909091,5.330908999999997,3.12,10899.99962,1.044298695,118869.2999
Luxembourg,Luxembourg,2012,625812.0,242.0,2586.0,2.45,0.0,0.31,3.9149137440637123,0.0,0.49535643292234727,4.15,88.76811599999999,7.081884000000008,3.08,10689.99958,1.64990203,112591.1162
Luxembourg,Luxembourg,2013,625812.0,242.0,2586.0,1.48,0.0,0.36,2.364927486209916,0.0,0.5752526317807904,5.72,80.434782,13.845218000000003,2.88,10149.99962,3.171790499,119966.0349
Luxembourg,Luxembourg,2014,625812.0,242.0,2586.0,1.51,0.0,0.4,2.412865205524982,0.0,0.6391695908675449,6.85,79.05759,14.092409999999996,2.66,9649.999619,2.623086016,123514.1967
Luxembourg,Luxembourg,2015,625812.0,242.0,2586.0,0.91,0.0,0.43,1.4541108192236647,0.0,0.6871073101826107,9.09,67.91045,22.999550000000003,2.48,9130.000114,2.269784484,105419.6085
Luxembourg,Luxembourg,2016,625812.0,242.0,2586.0,0.33,0.0,0.46,0.5273149124657245,0.0,0.7350450294976766,13.5,41.772152,44.727848,2.35,8850.000381,4.978190437,106826.7264
Luxembourg,Luxembourg,2017,625812.0,242.0,2586.0,0.3,0.0,0.6,0.4793771931506587,0.0,0.9587543863013174,15.33,33.333330000000004,51.33667,2.35,9000.0,1.317187663,109921.0314
Luxembourg,Luxembourg,2018,625812.0,242.0,2586.0,0.28,0.0,0.68,0.4474187136072814,0.0,1.0865883044748263,16.09,29.166663999999997,54.743336,2.37,9319.999695,2.00437712,117197.4817
Luxembourg,Luxembourg,2019,625812.0,242.0,2586.0,0.27,0.0,0.8,0.4314394738355928,0.0,1.2783391817350898,16.45,25.233649999999997,58.31635,2.34,9489.999771,3.283806756,113218.7133
Malta,Malte,2000,399211.0,1263.3259493670887,316.0,1.92,0.0,0.0,4.809486712540486,0.0,0.0,0.0,100.0,0.0,2.64,2130.0,19.6812701,10432.32812
Malta,Malte,2001,402151.0,1272.629746835443,316.0,1.94,0.0,0.0,4.824058624745431,0.0,0.0,0.0,100.0,0.0,3.11,2490.0,-1.174697348,10402.23337
Malta,Malte,2002,404698.00000000006,1280.6898734177216,316.0,2.05,0.0,0.0,5.065505636301636,0.0,0.0,0.09,99.91,0.0,2.83,2319.999933,2.565263253,11289.88984
Malta,Malte,2003,406919.0,1287.7183544303798,316.0,2.24,0.0,0.0,5.504781049791236,0.0,0.0,0.1,99.9,0.0,3.06,2609.999895,4.07406885,13669.49712
Malta,Malte,2004,408798.0,1293.6645569620252,316.0,2.22,0.0,0.0,5.430554944006575,0.0,0.0,0.12,99.88,0.0,3.07,2599.999905,0.140268127,15197.05671
Malta,Malte,2005,410207.0,1298.123417721519,316.0,2.24,0.0,0.0,5.460657667957885,0.0,0.0,0.14,99.86,0.0,3.04,2630.000114,3.383593576,15888.17232
Malta,Malte,2006,411197.0,1301.256329113924,316.0,2.26,0.0,0.0,5.496149047780018,0.0,0.0,0.17,99.83,0.0,2.97,2650.000095,2.510142345,16723.88418
Malta,Malte,2007,412080.99999999994,1304.0537974683543,316.0,2.3,0.0,0.0,5.5814269524680835,0.0,0.0,0.2,99.8,0.0,2.89,2720.000029,4.7747056,19485.87119
Malta,Malte,2008,413401.0,1308.2310126582279,316.0,2.31,0.0,0.0,5.587794901318574,0.0,0.0,0.22,99.78,0.0,2.83,2720.000029,3.826359416,22205.35681
Malta,Malte,2009,415500.0,1314.873417721519,316.0,2.17,0.0,0.0,5.222623345367028,0.0,0.0,0.26,99.74,0.0,2.61,2509.99999,-1.133873468,21083.27715
Malta,Malte,2010,418755.0,1325.1740506329113,316.0,2.11,0.0,0.0,5.038745806020227,0.0,0.0,1.22,98.78,0.0,2.58,2589.999914,5.543639385,21799.17426
Malta,Malte,2011,423571.0,1340.4145569620252,316.0,2.17,0.0,0.0,5.123108050362277,0.0,0.0,1.97,98.03,0.0,2.55,2569.999933,0.467050856,23155.55479
Malta,Malte,2012,429907.0,1360.4651898734178,316.0,2.27,0.0,0.03,5.280211766730944,0.0,0.06978253436208297,2.67,98.6956521,-1.3656521000000037,2.6,2720.000029,4.117707299,22527.63676
Malta,Malte,2013,437525.00000000006,1384.5727848101267,316.0,2.22,0.0,0.04,5.07399577167019,0.0,0.09142334723730071,3.24,98.2300885,-1.470088499999994,2.16,2369.999886,5.473355695,24771.07658
Malta,Malte,2014,446441.0,1412.7879746835442,316.0,2.17,0.0,0.08,4.860664679095334,0.0,0.17919501121088788,4.48,96.4444444,-0.9244443999999952,2.01,2359.999895,7.633538112,26754.26845
Malta,Malte,2015,456578.0,1444.867088607595,316.0,1.2,0.0,0.1,2.62824752835222,0.0,0.21902062736268502,5.98,92.307692,1.7123079999999966,1.52,1659.999967,9.608132811,24921.60368
Malta,Malte,2016,467705.0,1480.0791139240507,316.0,0.72,0.0,0.14,1.5394319068643696,0.0,0.2993339818902941,9.22,83.72093,7.059070000000004,1.35,1350.000024,4.090917429,25741.44606
Malta,Malte,2017,479497.0,1517.3955696202531,316.0,1.48,0.0,0.17,3.086567799172883,0.0,0.3545381931482366,7.27,89.69697,3.033030000000007,1.42,1519.999981,8.119425289,28250.69777
Malta,Malte,2018,491586.0,1555.6518987341772,316.0,1.77,0.0,0.2,3.600590740989369,0.0,0.4068464114112281,7.54,89.847716,2.6122839999999945,1.36,1549.999952,5.179224796,30672.29224
Malta,Malte,2019,503634.0,1593.7784810126582,316.0,1.86,0.0,0.21,3.693158126734891,0.0,0.4169694659216812,7.7,89.855072,2.444927999999993,1.37,1659.999967,5.539566337,30186.19596
Netherlands,Pays-Bas,2000,21103844.0,508.0,41543.0,82.49,3.93,2.97,3.9087665735209187,0.1862219982293273,0.14073265515040767,1.73,92.281016,5.988984000000006,4.15,162100.0,4.195642498,26149.41108
Netherlands,Pays-Bas,2001,21103844.0,508.0,41543.0,86.14,3.98,3.31,4.0817208466855615,0.18859123484802104,0.15684346415752504,1.76,92.197367,6.042633,4.16,167120.0,2.326955087,26873.27593
Netherlands,Pays-Bas,2002,21103844.0,508.0,41543.0,87.86,3.91,3.98,4.163222586368626,0.18527430358184982,0.18859123484802104,1.92,91.759791,6.320208999999993,4.19,167429.9927,0.217273595,29204.03983
Netherlands,Pays-Bas,2003,21103844.0,508.0,41543.0,88.62,4.02,3.96,4.19923498297277,0.190486624142976,0.18764354020054355,1.91,91.73913,6.350869999999997,4.34,170360.0006,0.155645898,35672.2066
Netherlands,Pays-Bas,2004,21103844.0,508.0,41543.0,91.89,3.82,5.3,4.35418305783534,0.1810096776682011,0.2511390815815356,2.22,90.971191,6.808808999999995,4.3,172119.9951,1.984945714,40362.39478
Netherlands,Pays-Bas,2005,21103844.0,508.0,41543.0,88.22,4.0,7.46,4.180281090023221,0.18953892949549855,0.3534901035091048,2.74,88.50321,8.756790000000004,4.14,167929.9927,2.050876108,41979.05585
Netherlands,Pays-Bas,2006,21103844.0,508.0,41543.0,87.17,3.47,8.05,4.130527121030652,0.164425021337345,0.38144709560969087,3.12,88.3270855,8.552914500000004,3.97,163699.9969,3.460988954,44863.35063
Netherlands,Pays-Bas,2007,21103844.0,508.0,41543.0,93.21,4.2,7.59,4.416730904568855,0.19901587597027348,0.35965011871770847,3.68,88.771428,7.548572,3.81,164550.0031,3.772842521,51733.44213
Netherlands,Pays-Bas,2008,21103844.0,508.0,41543.0,93.7,4.17,9.53,4.439949423432053,0.19759433399905724,0.4515764995230253,3.94,87.243948,8.816051999999997,3.7,165220.0012,2.170324851,57644.47997
Netherlands,Pays-Bas,2009,21103844.0,508.0,41543.0,98.48,4.25,10.83,4.666448444179174,0.2013851125889672,0.5131766516090623,4.38,86.720676,8.899324000000004,3.79,160490.0055,-3.666883937,52514.02712
Netherlands,Pays-Bas,2010,21103844.0,508.0,41543.0,103.95,3.97,11.19,4.925642930264268,0.1881173875242823,0.5302351552636572,3.85,87.272269,8.877731000000006,4.01,171110.0006,1.342739336,50950.03434
Netherlands,Pays-Bas,2011,21103844.0,508.0,41543.0,97.35,4.14,12.32,4.612903696596696,0.19617279202784096,0.5837799028461356,4.69,85.5373,9.772699999999997,3.67,158770.0043,1.551189312,54159.34661
Netherlands,Pays-Bas,2012,21103844.0,508.0,41543.0,86.69,3.91,12.47,4.107782449491192,0.18527430358184982,0.5908876127022167,4.9,84.107889,10.992111,3.71,157470.0012,-1.030353991,50073.00566
Netherlands,Pays-Bas,2013,21103844.0,508.0,41543.0,86.51,2.89,12.1,4.099253197663895,0.1369418765604977,0.5733552617238831,4.94,85.231527,9.828472999999999,3.64,157089.9963,-0.130175288,52184.06185
Netherlands,Pays-Bas,2014,21103844.0,508.0,41543.0,87.48,4.09,11.65,4.145216388066554,0.19380355540914726,0.5520321321556395,5.53,84.751018,9.718981999999997,3.38,149789.9933,1.423395395,52830.17423
Netherlands,Pays-Bas,2015,21103844.0,508.0,41543.0,91.03,4.08,13.69,4.313432187993808,0.1933297080854085,0.6486969861983438,5.72,83.66728,10.612719999999996,3.38,157410.0037,1.959169721,45175.23189
Netherlands,Pays-Bas,2016,21103844.0,508.0,41543.0,95.09,3.96,14.78,4.505814201431739,0.18764354020054355,0.7003463444858671,5.59,83.536854,10.873145999999995,3.38,158539.9933,2.191713719,46007.85292
Netherlands,Pays-Bas,2017,21103844.0,508.0,41543.0,94.81,3.4,17.43,4.492546476367054,0.16110809007117377,0.825915885276635,6.36,81.987202,11.652798000000004,3.31,155759.9945,2.910902513,48554.99228
Netherlands,Pays-Bas,2018,21103844.0,508.0,41543.0,91.26,3.51,18.91,4.324330676439799,0.16632041063229996,0.8960452891899694,7.39,80.277973,12.332026999999997,3.17,151360.0006,2.360915095,53018.62936
Netherlands,Pays-Bas,2019,21103844.0,508.0,41543.0,94.09,3.91,22.79,4.458429469057864,0.18527430358184982,1.0798980508006029,8.54,77.895521,13.564478999999999,3.05,146339.9963,1.955588416,52476.27325
Poland,Pologne,2000,38772940.0,124.0,312685.0,140.85,0.0,2.33,3.632688158287713,0.0,0.06009345693156103,6.93,98.3726777,-5.302677699999997,5.98,295770.0,4.561025896,4501.454067
Poland,Pologne,2001,38772940.0,124.0,312685.0,140.94,0.0,2.78,3.635009364778632,0.0,0.07169948938615436,7.29,98.0656832,-5.355683199999995,5.94,293630.0,1.258478139,4991.244358
Poland,Pologne,2002,38772940.0,124.0,312685.0,139.72,0.0,2.77,3.6035441212350676,0.0,0.07144157755383007,7.49,98.056004,-5.546004000000002,5.76,287320.0073,2.035900052,5207.171421
Poland,Pologne,2003,38772940.0,124.0,312685.0,147.76,0.0,2.25,3.8109052344238017,0.0,0.05803016227296666,7.29,98.5000999,-5.790099899999995,5.71,297730.011,3.49839626,5701.602212
Poland,Pologne,2004,38772940.0,124.0,312685.0,149.06,0.0,3.2,3.84443377262596,0.0,0.08253178634377481,7.31,97.8983316,-5.2083316000000055,5.46,301850.0061,4.982825593,6681.386472
Poland,Pologne,2005,38772940.0,124.0,312685.0,151.2,0.0,3.85,3.89962690474336,0.0,0.09929605544485406,7.22,97.51693,-4.736930000000002,5.34,301350.0061,3.506849729,8021.505743
Poland,Pologne,2006,38772940.0,124.0,312685.0,156.16,0.0,4.29,4.027551173576211,0.0,0.1106441760671231,7.18,97.3262699,-4.5062698999999995,5.29,314089.9963,6.131138073,9035.410467
Poland,Pologne,2007,38772940.0,124.0,312685.0,153.08,0.0,5.43,3.9481143292203273,0.0,0.14004612495209287,7.28,96.5743484,-3.8543484000000054,4.92,313380.0049,7.061543459,11254.51739
Poland,Pologne,2008,38772940.0,124.0,312685.0,148.03,0.0,6.61,3.8178688538965577,0.0,0.17047972116635984,8.01,95.725556,-3.735555999999997,4.78,308329.9866,4.19996859,13996.02515
Poland,Pologne,2009,38772940.0,124.0,312685.0,142.4,0.0,8.69,3.672664492297979,0.0,0.22412538228981346,8.84,94.2484612,-3.088461199999994,4.47,297260.0098,2.832178037,11526.05589
Poland,Pologne,2010,38772940.0,124.0,312685.0,146.12,0.0,10.88,3.768607693922617,0.0,0.2806080735688343,9.49,93.0700636,-2.5600635999999977,4.61,313739.9902,3.740521281,12613.011
Poland,Pologne,2011,38772940.0,124.0,312685.0,149.88,0.0,13.13,3.8655825428765525,0.0,0.338638235841801,10.44,91.945279,-2.385278999999999,4.42,310589.9963,4.757635638,13879.56099
Poland,Pologne,2012,38772940.0,124.0,312685.0,144.75,0.0,16.88,3.7332737728941887,0.0,0.4353551729634121,10.91,89.556396,-0.4663960000000067,4.22,303350.0061,1.324896305,13097.27085
Poland,Pologne,2013,38772940.0,124.0,312685.0,146.85,0.0,17.06,3.787435257682291,0.0,0.43999758594524946,11.41,89.591849,-1.0018489999999964,4.17,298299.9878,1.125763386,13696.4663
Poland,Pologne,2014,38772940.0,124.0,312685.0,138.53,0.0,19.85,3.572852613188476,0.0,0.5119549871637281,11.58,87.466852,0.953147999999997,3.89,285730.011,3.378581715,14271.30585
Poland,Pologne,2015,38772940.0,124.0,312685.0,141.55,0.0,22.69,3.650741986550414,0.0,0.5852019475438283,11.87,86.184852,1.9451479999999943,3.76,289079.9866,4.23632685,12578.49547
Poland,Pologne,2016,38772940.0,124.0,312685.0,143.28,0.0,22.81,3.695360733542517,0.0,0.5882968895317198,11.34,86.266481,2.3935190000000013,3.82,299799.9878,3.141725778,12447.43959
Poland,Pologne,2017,38772940.0,124.0,312685.0,145.8,0.0,24.13,3.7603545152882396,0.0,0.6223412513985269,11.12,85.8000345,3.0799655000000055,3.81,312859.9854,4.830656005,13864.68176
Poland,Pologne,2018,38772940.0,124.0,312685.0,147.87,0.0,21.62,3.813742264579369,0.0,0.5576053814851285,11.27,87.244085,1.485915000000002,3.68,311910.0037,5.353703355,15468.48222
Poland,Pologne,2019,38772940.0,124.0,312685.0,137.58,0.0,25.46,3.5483509891176683,0.0,0.6566435250976583,12.18,84.384199,3.435801000000005,3.42,295130.0049,4.744950156,15732.20313
Portugal,Portugal,2000,10235532.0,111.0,92212.0,30.51,0.0,12.87,2.980792791229611,0.0,1.2573845697517236,20.12,70.331951,9.548048999999995,3.29,61660.0,3.816178063,11497.75346
Portugal,Portugal,2001,10235532.0,111.0,92212.0,30.43,0.0,15.74,2.972976880928124,0.0,1.5377803518175703,20.83,65.908596,13.261403999999999,3.26,61380.0,1.943672296,11724.6115
Portugal,Portugal,2002,10235532.0,111.0,92212.0,35.92,0.0,9.73,3.5093437253676703,0.0,0.9506100904183583,18.28,78.685654,3.0343459999999993,3.37,65599.99847,0.770924024,12875.32079
Portugal,Portugal,2003,10235532.0,111.0,92212.0,28.82,0.0,17.7,2.8156816861106977,0.0,1.7292701542040023,22.09,61.951847,15.958153,3.3,60520.00046,-0.930521193,15762.97579
Portugal,Portugal,2004,10235532.0,111.0,92212.0,32.51,0.0,12.31,3.176190548766786,0.0,1.2026731976413145,19.87,72.534582,7.595417999999999,3.34,62130.00107,1.788735682,18031.00042
Portugal,Portugal,2005,10235532.0,111.0,92212.0,37.93,0.0,8.25,3.7057184716925313,0.0,0.8060157498408486,18.07,82.135124,-0.20512400000000497,3.39,65470.00122,0.781848216,18773.12536
Portugal,Portugal,2006,10235532.0,111.0,92212.0,32.85,0.0,15.72,3.209408167548106,0.0,1.5358263742421987,22.33,67.634342,10.035657999999998,3.17,60450.00076,1.625034176,19822.84603
Portugal,Portugal,2007,10235532.0,111.0,92212.0,30.68,0.0,16.21,2.997401600620271,0.0,1.5836988248388066,23.15,65.42973,11.420269999999995,3.12,58799.99924,2.506579646,22782.09462
Portugal,Portugal,2008,10235532.0,111.0,92212.0,30.84,0.0,14.64,3.013033421223245,0.0,1.430311585172124,23.19,67.810024,8.999976,3.03,56840.00015,0.319247925,24847.54514
Portugal,Portugal,2009,10235532.0,111.0,92212.0,31.19,0.0,18.29,3.0472280287922504,0.0,1.786912492677469,24.9,63.03557,12.064430000000002,3.09,56299.99924,-3.12207942,23059.79745
Portugal,Portugal,2010,10235532.0,111.0,92212.0,25.34,0.0,28.35,2.4756895879960124,0.0,2.7697632130894614,27.83,47.19687,24.973130000000005,2.93,50939.99863,1.737625476,22498.69086
Portugal,Portugal,2011,10235532.0,111.0,92212.0,27.77,0.0,24.11,2.7130978634036804,0.0,2.3555199671106495,27.22,53.52737,19.252630000000003,2.89,49869.99893,-1.696164781,23186.91313
Portugal,Portugal,2012,10235532.0,111.0,92212.0,26.2,0.0,19.37,2.5597106237369975,0.0,1.8924272817475438,25.52,57.49396,16.98604,2.83,48220.00122,-4.057293608,20564.88986
Portugal,Portugal,2013,10235532.0,111.0,92212.0,21.06,0.0,29.47,2.057538386866457,0.0,2.8791859573102796,30.17,41.67821,28.15179,2.86,46560.00137,-0.922644675,21647.04181
Portugal,Portugal,2014,10235532.0,111.0,92212.0,20.39,0.0,31.57,1.9920801380915032,0.0,3.0843536027243137,30.46,39.241722,30.298277999999996,2.8,45930.00031,0.792190302,22074.30076
Portugal,Portugal,2015,10235532.0,111.0,92212.0,26.9,0.0,24.37,2.628099838875009,0.0,2.380921675590482,27.21,52.46733,20.322670000000002,2.85,49849.99847,1.792046046,19242.36647
Portugal,Portugal,2016,10235532.0,111.0,92212.0,26.83,0.0,32.3,2.621260917361208,0.0,3.155673784225382,29.0,45.3746,25.6254,2.78,48759.99832,2.019485396,19978.40121
Portugal,Portugal,2017,10235532.0,111.0,92212.0,35.12,0.0,22.58,3.4311846223528,0.0,2.2060406825947103,24.42,60.86655,14.713450000000002,2.8,53330.00183,3.506345285,21437.3475
Portugal,Portugal,2018,10235532.0,111.0,92212.0,29.0,0.0,29.41,2.8332674842890433,0.0,2.8733240245841642,27.47,49.649033,22.880967,2.63,49500.0,2.849325934,23551.04829
Portugal,Portugal,2019,10235532.0,111.0,92212.0,24.32,0.0,27.41,2.3760367316520528,0.0,2.6779262670469888,28.19,47.013336,24.796663999999996,2.54,44639.99939,2.682759921,23330.81729
Romania,Roumanie,2000,20024844.0,84.0,238391.0,31.32,5.46,14.78,1.5640571282353062,0.2726613001329748,0.7380831531072102,16.37,60.744766,22.885234,5.58,89020.0,2.461263459,1659.90764
Romania,Roumanie,2001,20024844.0,84.0,238391.0,33.18,5.45,14.92,1.6569417469619239,0.2721619204624016,0.7450744684952352,13.39,61.96078,24.64922,5.4,95230.0,5.218136257,1825.179805
Romania,Roumanie,2002,20024844.0,84.0,238391.0,32.86,5.51,16.05,1.640961597503581,0.2751581984858409,0.8015043712700084,14.4,60.38221,25.21779,5.28,93739.99786,5.70299165,2119.882673
Romania,Roumanie,2003,20024844.0,84.0,238391.0,36.67,4.91,13.26,1.8312252519919756,0.24519541825144806,0.6621774431800816,15.67,66.86725,17.46275,5.38,98139.99939,2.341147329,2679.41191
Romania,Roumanie,2004,20024844.0,84.0,238391.0,34.43,5.55,16.51,1.7193642057835756,0.27715571716813375,0.8244758361163763,17.28,60.94884,21.771160000000002,4.74,95349.99847,10.42811302,3494.944517
Romania,Roumanie,2005,20024844.0,84.0,238391.0,33.64,5.55,20.22,1.6799132118082918,0.27715571716813375,1.0097456938990386,18.47,56.623463,24.906537,4.51,94709.99908,4.668148051,4617.929016
Romania,Roumanie,2006,20024844.0,84.0,238391.0,38.71,5.63,18.36,1.9330987047889112,0.2811507545327195,0.9168610751724208,17.39,61.738438,20.871561999999997,4.32,99260.00214,8.028811076,5757.496429
Romania,Roumanie,2007,20024844.0,84.0,238391.0,37.96,7.71,16.01,1.89564522949592,0.38502172601194795,0.7995068525877156,18.16,61.54345,20.29655,4.01,96730.00336,7.233807744,8360.166321
Romania,Roumanie,2008,20024844.0,84.0,238391.0,36.5,11.23,17.22,1.822735797592231,0.5608033700537193,0.8599317927270744,20.4,56.19707,23.402930000000005,3.66,95419.99817,9.307467171,10435.04398
Romania,Roumanie,2009,20024844.0,84.0,238391.0,30.43,11.75,15.55,1.51961233755429,0.5867711129235264,0.7765353877413477,22.14,52.710896,25.149104,3.4,80709.99908,-5.517394408,8548.118672
Romania,Roumanie,2010,20024844.0,84.0,238391.0,28.69,11.62,20.3,1.432720274874551,0.5802791772060746,1.0137407312636244,24.07,47.335423,28.594577,3.56,77620.00275,-3.90123628,8214.076893
Romania,Roumanie,2011,20024844.0,84.0,238391.0,33.93,11.75,16.32,1.694395222254915,0.5867711129235264,0.8149876223754852,21.09,54.725807,24.184192999999997,3.57,84059.99756,1.906067707,9099.217539
Romania,Roumanie,2012,20024844.0,84.0,238391.0,32.38,11.47,14.93,1.616991373316067,0.5727884821474764,0.7455738481658084,21.53,55.08676,23.38324,3.41,81849.99847,2.040665131,8507.104775
Romania,Roumanie,2013,20024844.0,84.0,238391.0,26.78,11.62,20.15,1.337338757795067,0.5802791772060746,1.0062500362050262,23.07,45.738686,31.191314,3.0,72089.99634,3.770962304,9547.852151
Romania,Roumanie,2014,20024844.0,84.0,238391.0,26.39,11.68,27.12,1.3178629506427115,0.5832754552295139,1.3543176665945562,24.31,40.48167,35.208330000000004,2.86,71540.00092,3.608723653,10043.67745
Romania,Roumanie,2015,20024844.0,84.0,238391.0,28.09,11.64,26.19,1.402757494640158,0.581277936547221,1.3078753572312474,23.67,42.61225,33.717749999999995,2.8,73319.99969,2.953674037,8969.148921
Romania,Roumanie,2016,20024844.0,84.0,238391.0,26.33,11.29,26.97,1.3148666726192724,0.5637996480771585,1.346826971535958,24.4,40.764824,34.835176000000004,2.67,71589.99634,4.702997747,9548.587403
Romania,Roumanie,2017,20024844.0,84.0,238391.0,28.15,11.51,24.29,1.4057537726635974,0.5747860008297693,1.2129932198223368,23.35,44.018764,32.631236,2.61,74209.99908,7.319448529,10807.00917
Romania,Roumanie,2018,20024844.0,84.0,238391.0,26.87,11.38,26.19,1.341833174830226,0.5682940651123175,1.3078753572312474,23.03,41.697704,35.272296,2.52,75190.00244,4.474523775,12398.98198
Romania,Roumanie,2019,20024844.0,84.0,238391.0,23.27,11.28,24.63,1.1620564934238689,0.5633002684065853,1.229972128621826,23.54,39.320717,37.139283,2.38,73949.99695,4.188260341,12899.34611
Slovakia,Slovaquie,2000,5589990.0,114.0,49035.0,9.68,16.49,4.61,1.7316667829459444,2.949915831692006,0.8246884162583475,3.73,31.448999999999998,64.821,8.8,0.0,0.0,0.0
Slovakia,Slovaquie,2001,5589990.0,114.0,49035.0,9.65,17.1,5.08,1.7263000470483847,3.059039461609055,0.9087672786534502,6.0,30.317313999999996,63.682686000000004,8.93,0.0,0.0,0.0
Slovakia,Slovaquie,2002,5589990.0,114.0,49035.0,8.81,17.95,5.42,1.5760314419167119,3.211096978706581,0.9695902854924606,5.48,27.377250000000004,67.14274999999999,8.61,0.0,0.0,0.0
Slovakia,Slovaquie,2003,5589990.0,114.0,49035.0,9.52,17.86,3.58,1.7030441914922925,3.194996771013902,0.640430483775463,5.35,30.749350000000007,63.90064999999999,8.12,0.0,0.0,0.0
Slovakia,Slovaquie,2004,5589990.0,114.0,49035.0,9.29,17.03,4.13,1.6618992162776678,3.046517077848082,0.7388206418973916,6.25,30.509029999999996,63.240970000000004,7.6,0.0,0.0,0.0
Slovakia,Slovaquie,2005,5589990.0,114.0,49035.0,8.93,17.73,4.68,1.597498385506951,3.1717409154578093,0.8372108000193202,6.31,28.493934999999993,65.196065,7.31,0.0,0.0,0.0
Slovakia,Slovaquie,2006,5589990.0,114.0,49035.0,8.39,18.01,4.81,1.5008971393508754,3.2218304505017006,0.8604666555754125,6.57,26.882409999999993,66.54759000000001,6.67,0.0,0.0,0.0
Slovakia,Slovaquie,2007,5589990.0,114.0,49035.0,7.57,15.33,4.93,1.354206358150909,2.74240204365303,0.8819335991656515,8.23,27.200860000000006,64.56913999999999,5.76,0.0,0.0,0.0
Slovakia,Slovaquie,2008,5589990.0,114.0,49035.0,7.46,16.7,4.57,1.3345283265265233,2.987482982974925,0.8175327683949345,7.63,25.96589,66.40411,5.6,0.0,0.0,0.0
Slovakia,Slovaquie,2009,5589990.0,114.0,49035.0,6.89,14.08,4.92,1.232560344472888,2.518788047921374,0.8801446871997982,10.0,26.612589999999997,63.38741,5.41,0.0,0.0,0.0
Slovakia,Slovaquie,2010,5589990.0,114.0,49035.0,6.9,14.57,5.95,1.2343492564387415,2.606444734248183,1.0644026196826828,10.28,25.164116000000007,64.55588399999999,5.45,0.0,0.0,0.0
Slovakia,Slovaquie,2011,5589990.0,114.0,49035.0,7.8,15.41,5.0,1.3953513333655339,2.7567133393798557,0.8944559829266242,10.36,27.649765000000002,61.990235,5.15,0.0,0.0,0.0
Slovakia,Slovaquie,2012,5589990.0,114.0,49035.0,7.28,15.49,5.47,1.3023279111411648,2.7710246351066816,0.9785348453217269,10.47,25.779039999999995,63.750960000000006,4.86,0.0,0.0,0.0
Slovakia,Slovaquie,2013,5589990.0,114.0,49035.0,6.36,15.72,6.36,1.137748010282666,2.8121696103213063,1.137748010282666,10.68,22.36287,66.95713,4.91,0.0,0.0,0.0
Slovakia,Slovaquie,2014,5589990.0,114.0,49035.0,5.3,15.5,6.24,0.9481233419022217,2.772813547072535,1.116281066692427,12.24,19.600589999999997,68.15941000000001,4.5,0.0,0.0,0.0
Slovakia,Slovaquie,2015,5589990.0,114.0,49035.0,5.34,15.15,6.05,0.9552789897656346,2.7102016282676713,1.0822917393412153,13.41,20.120575000000002,66.469425,4.41,0.0,0.0,0.0
Slovakia,Slovaquie,2016,5589990.0,114.0,49035.0,5.28,14.77,6.63,0.9445455179705151,2.642222973565248,1.1860486333607037,13.09,19.79011,67.11989,4.35,0.0,0.0,0.0
Slovakia,Slovaquie,2017,5589990.0,114.0,49035.0,5.67,15.08,6.54,1.0143130846387918,2.6976792445066984,1.1699484256680244,12.43,20.776840000000007,66.79316,4.45,0.0,0.0,0.0
Slovakia,Slovaquie,2018,5589990.0,114.0,49035.0,5.92,14.84,5.81,1.059035883785123,2.6547453573262207,1.0393578521607374,12.43,22.280770000000004,65.28923,4.28,0.0,0.0,0.0
Slovakia,Slovaquie,2019,5589990.0,114.0,49035.0,6.26,15.28,6.65,1.1198588906241336,2.7334574838237637,1.1896264572924102,17.64,22.206460000000007,60.15353999999999,4.11,0.0,0.0,0.0
Slovenia,Slovénie,2000,2088119.0,103.0,20273.0,4.95,4.76,3.9,2.370554551728134,2.2795635689345293,1.8677096468161059,17.96,36.370316,45.669684,5.23,14540.0,3.67237155,10201.30354
Slovenia,Slovénie,2001,2088119.0,103.0,20273.0,5.35,5.26,3.87,2.562114515504145,2.5190135236545426,1.853342649532905,18.67,36.947514,44.382486,5.39,15380.0,3.216560335,10479.75963
Slovenia,Slovénie,2002,2088119.0,103.0,20273.0,5.66,5.53,3.41,2.7105734874305534,2.64831649920335,1.6330486911904925,16.31,38.767128,44.922872,5.21,15520.00046,3.505598057,11777.15566
Slovenia,Slovénie,2003,2088119.0,103.0,20273.0,5.54,5.21,3.08,2.65310549829775,2.495068528182541,1.4750117210752836,16.9,40.057846,43.042154000000004,5.14,15409.99985,2.960260286,14849.03724
Slovenia,Slovénie,2004,2088119.0,103.0,20273.0,5.6,5.46,4.21,2.681839492864152,2.614793505542548,2.016168618742514,17.77,36.673218,45.556782,5.07,15699.99981,4.359192778,17233.13856
Slovenia,Slovénie,2005,2088119.0,103.0,20273.0,5.66,5.88,3.57,2.7105734874305534,2.8159314675073595,1.7096726767008967,18.58,37.458633,43.961367,5.06,15920.00008,3.797972642,18098.90854
Slovenia,Slovénie,2006,2088119.0,103.0,20273.0,5.86,5.55,3.7,2.806353469318559,2.6578944973921503,1.7719296649281004,17.36,38.78226,43.85774,4.77,16290.00092,5.746396901,19672.96556
Slovenia,Slovénie,2007,2088119.0,103.0,20273.0,5.96,5.7,3.38,2.8542434602625617,2.7297294838081547,1.6186816939072917,18.35,39.62766,42.02234,4.51,16280.00069,6.980160755,23787.64656
Slovenia,Slovénie,2008,2088119.0,103.0,20273.0,5.83,6.27,4.31,2.791986472035358,3.00270243218897,2.064058609686517,17.63,35.527114999999995,46.84288500000001,4.59,17360.00061,3.509841517,27483.33717
Slovenia,Slovénie,2009,2088119.0,103.0,20273.0,5.75,5.74,4.9,2.753674479280156,2.7488854801857556,2.346609556256133,19.57,35.08237,45.34763,4.45,15510.00023,-7.548437791,24694.23049
Slovenia,Slovénie,2010,2088119.0,103.0,20273.0,5.85,5.66,4.75,2.8015644702241587,2.7105734874305534,2.2747745698401287,20.07,35.97786000000001,43.95213999999999,4.51,15779.99973,1.343748472,23509.54314
Slovenia,Slovénie,2011,2088119.0,103.0,20273.0,5.82,6.22,3.88,2.787197472940958,2.9787574367169687,1.8581316486273052,19.14,36.557785,44.302215,4.47,15699.99981,0.861327733,25095.13229
Slovenia,Slovénie,2012,2088119.0,103.0,20273.0,5.69,5.53,4.33,2.724940484713754,2.64831649920335,2.0736366078753177,20.22,36.591644,43.188356,4.4,15119.99989,-2.639438757,22643.10025
Slovenia,Slovénie,2013,2088119.0,103.0,20273.0,5.39,5.3,5.11,2.5812705118817463,2.538169520032144,2.4471785372385386,22.48,34.11391999999999,43.40608,4.33,14550.00019,-1.029282772,23496.6025
Slovenia,Slovénie,2014,2088119.0,103.0,20273.0,4.18,6.37,6.6,2.0018016214593133,3.0505924231329726,3.160739402304179,22.91,24.373180000000005,52.71682,4.09,13109.99966,2.768158831,24214.92207
Slovenia,Slovénie,2015,2088119.0,103.0,20273.0,4.8,5.65,4.35,2.29871956531213,2.7057844883361533,2.083214606064118,21.38,32.432434,46.187566000000004,3.95,13140.00034,2.210081607,20881.76693
Slovenia,Slovénie,2016,2088119.0,103.0,20273.0,5.45,5.72,5.06,2.610004506448148,2.739307481996955,2.423233541766537,20.96,33.57979,45.46021,3.95,13899.99962,3.191852518,21663.64341
Slovenia,Slovénie,2017,2088119.0,103.0,20273.0,5.32,6.29,4.44,2.547747518220944,3.012280430377771,2.1263155979137203,19.71,33.146416,47.143584,3.88,14119.99989,4.815380632,23455.94473
Slovenia,Slovénie,2018,2088119.0,103.0,20273.0,5.12,5.78,5.22,2.4519675363329387,2.768041476563357,2.4998575272769417,20.61,31.761790000000005,47.628209999999996,3.67,14069.99969,4.422521568,26104.10279
Slovenia,Slovénie,2019,2088119.0,103.0,20273.0,5.03,5.82,5.04,2.4088665444833364,2.787197472940958,2.413655543577737,20.86,31.65513,47.48487,3.5,13600.00038,3.250531336,25942.95477
Spain,Espagne,2000,47504780.0,94.0,505370.0,124.22,62.21,34.49,2.6148947537489913,1.309552428197752,0.7260322013911021,7.88,56.2285,35.8915,3.6,293310.0,5.24599468,14713.06571
Spain,Espagne,2001,47504780.0,94.0,505370.0,120.06,63.71,49.3,2.5273246187015284,1.3411281980465966,1.037790302365362,8.93,51.512424,39.557576,3.56,294790.0,3.932948843,15355.70317
Spain,Espagne,2002,47504780.0,94.0,505370.0,143.72,63.02,33.17,3.025379761783972,1.326603343916128,0.6982455239241188,7.42,59.9058,32.6742,3.57,312750.0,2.731022232,17025.53198
Spain,Espagne,2003,47504780.0,94.0,505370.0,139.67,61.88,55.75,2.9401251831920914,1.302605758831006,1.173566112715394,8.92,54.282936,36.797064,3.58,318660.0037,2.981894836,21463.44266
Spain,Espagne,2004,47504780.0,94.0,505370.0,159.91,63.61,50.13,3.366187571019169,1.3390231467233402,1.0552622283483895,8.05,58.43596,33.514039999999994,3.63,335559.9976,3.122795242,24861.2828
Spain,Espagne,2005,47504780.0,94.0,505370.0,184.65,57.54,42.27,3.886977268392781,1.211246531401682,0.8898051943404433,7.3,64.912464,27.787536,3.57,350500.0,3.652032674,26419.29686
Spain,Espagne,2006,47504780.0,94.0,505370.0,182.98,60.13,52.15,3.8518229112944002,1.2657673606740205,1.0977842650781668,8.49,61.9725,29.5375,3.43,341779.9988,4.102727115,28365.31349
Spain,Espagne,2007,47504780.0,94.0,505370.0,188.13,55.1,58.3,3.9602330544421003,1.1598832791142282,1.22724492145843,9.02,62.3918,28.588199999999997,3.36,354679.9927,3.604687971,32549.97098
Spain,Espagne,2008,47504780.0,94.0,505370.0,189.55,58.97,62.15,3.99012478323234,1.2413487653242474,1.3082893974037981,9.76,61.013294,29.226706,3.22,324269.989,0.887145182,35366.2596
Spain,Espagne,2009,47504780.0,94.0,505370.0,164.69,52.76,74.08,3.466809024270821,1.1106250781500304,1.5594220202682763,12.25,56.49161,31.25839,3.07,287489.9902,-3.763231927,32042.47408
Spain,Espagne,2010,47504780.0,94.0,505370.0,138.39,61.99,97.77,2.913180526254411,1.304921315286588,2.0581086787476965,14.44,46.416237,39.143763,3.07,273250.0,0.163010231,30502.71971
Spain,Espagne,2011,47504780.0,94.0,505370.0,146.12,57.72,87.53,3.0759009935421235,1.2150356237835436,1.84255142324625,14.79,50.149292,35.060708,3.04,274399.9939,-0.814373455,31636.44631
Spain,Espagne,2012,47504780.0,94.0,505370.0,145.33,61.47,86.97,3.0592710880883986,1.2939750484056551,1.8307631358360148,15.83,49.470673,34.699327000000004,3.13,269269.989,-2.959441302,28324.42934
Spain,Espagne,2013,47504780.0,94.0,505370.0,113.32,56.73,111.42,2.385444159514053,1.194195615683306,2.345448184372183,16.99,40.260063,42.749937,2.96,242809.9976,-1.435394259,29059.54795
Spain,Espagne,2014,47504780.0,94.0,505370.0,107.37,57.31,110.26,2.2601936057803025,1.2064049133581927,2.3210295890224097,17.41,39.05216,43.53784,2.86,240960.0067,1.383907943,29461.55033
Spain,Espagne,2015,47504780.0,94.0,505370.0,123.19,57.2,97.09,2.593212725119451,1.2040893569026105,2.0437943297495536,16.33,44.396,39.274,2.85,256279.9988,3.83517266,25732.01836
Spain,Espagne,2016,47504780.0,94.0,505370.0,107.93,58.63,104.63,2.271981893190538,1.234191590825176,2.2025151995230794,17.21,39.798668,42.991332,2.79,247029.9988,3.03130133,26505.34322
Spain,Espagne,2017,47504780.0,94.0,505370.0,126.93,58.04,87.93,2.671941644609237,1.2217717880179637,1.8509716285392754,15.71,46.511543,37.778456999999996,2.86,263450.0122,2.973641191,28100.58624
Spain,Espagne,2018,47504780.0,94.0,505370.0,112.23,55.77,103.88,2.3624991000905595,1.1739871229800454,2.186727314598657,17.42,41.279247,41.300753,2.77,257040.0085,2.288785676,30349.7521
Spain,Espagne,2019,47504780.0,94.0,505370.0,111.55,58.35,100.99,2.3481847510924165,1.2282974471200583,2.12589133135655,17.27,41.17908,41.550920000000005,2.64,239979.9957,2.085191421,29555.3157
Sweden,Suède,2000,11257375.0,25.0,450295.0,4.77,57.32,83.14,0.4237222265403791,5.091773170921285,7.385380694877802,39.82,3.2844400000000036,56.895559999999996,5.54,53280.0,4.766348871,29624.91267
Sweden,Suède,2001,11257375.0,25.0,450295.0,6.17,72.11,83.32,0.5480851441832576,6.405578565162838,7.401370212860458,37.38,3.818079999999995,58.80192,5.81,52500.0,1.449498618,27247.85773
Sweden,Suède,2002,11257375.0,25.0,450295.0,7.44,68.11,71.15,0.6609000766164403,6.050255943326042,6.320301135922007,35.85,5.071579999999997,59.07842,5.83,54020.00046,2.196921062,29899.19525
Sweden,Suède,2003,11257375.0,25.0,450295.0,9.24,67.42,58.73,0.8207952564429984,5.988962791059195,5.217024395118756,34.56,6.824730000000002,58.615269999999995,5.57,55200.00076,2.30981059,37321.7979
Sweden,Suède,2004,11257375.0,25.0,450295.0,6.02,77.49,68.18,0.5347605458643778,6.883487491533328,6.056474089208185,35.49,3.9686200000000014,60.54138,5.54,53590.00015,4.336856154,42821.67314
Sweden,Suède,2005,11257375.0,25.0,450295.0,4.76,72.38,81.23,0.4228339199857871,6.429562842136821,7.215714142950732,39.3,3.005615000000006,57.694385,5.26,50209.99908,2.85880324,43437.06312
Sweden,Suède,2006,11257375.0,25.0,450295.0,5.24,66.98,71.06,0.4654726346062026,5.949877302657147,6.312306376930679,40.08,3.6571799999999968,56.262820000000005,4.9,48900.00153,4.662773552,46593.60216
Sweden,Suède,2007,11257375.0,25.0,450295.0,4.42,66.97,77.43,0.39263149712965945,5.948988996102555,6.878157652205776,41.75,2.9700399999999973,55.27996,4.71,47139.99939,3.439221776,53700.00534
Sweden,Suède,2008,11257375.0,25.0,450295.0,4.6,63.89,81.41,0.40862101511231524,5.675390577288222,7.2317036609333885,43.2,3.068709999999996,53.73129,4.7,46150.00153,-0.450559257,56152.55234
Sweden,Suède,2009,11257375.0,25.0,450295.0,4.62,52.17,79.81,0.4103976282214992,4.63429529530641,7.089574612198669,45.71,3.382140000000007,50.90785999999999,4.5,42880.00107,-4.339790575,46946.96027
Sweden,Suède,2010,11257375.0,25.0,450295.0,8.53,57.83,82.09,0.7577254910669672,5.137076805205476,7.2921085066456435,44.7,5.746039999999994,49.553960000000004,4.77,48130.00107,5.952107008,52869.04429
Sweden,Suède,2011,11257375.0,25.0,450295.0,5.72,60.47,84.09,0.5081113492266182,5.3715897356177615,7.469769817564042,45.43,3.8062299999999993,50.76377,4.52,44580.00183,3.195333235,60755.75955
Sweden,Suède,2012,11257375.0,25.0,450295.0,4.09,64.04,98.3,0.36331738082812376,5.688715175607102,8.732053431639258,48.29,2.457490000000007,49.252509999999994,4.59,42139.99939,-0.588304569,58037.82132
Sweden,Suède,2013,11257375.0,25.0,450295.0,3.88,66.46,82.69,0.344662943181692,5.903685361818363,7.345406899921163,47.27,2.5354499999999973,50.19455,4.48,40540.00092,1.187775716,61126.9432
Sweden,Suède,2014,11257375.0,25.0,450295.0,2.93,64.88,85.74,0.260273820495453,5.763332926192828,7.61634039907172,48.61,1.9081699999999984,49.48183,4.25,39080.00183,2.657798275,60020.36046
Sweden,Suède,2015,11257375.0,25.0,450295.0,3.15,56.35,102.5,0.27981656469647676,5.005607435125862,9.105142184567894,51.91,1.9444349999999986,46.145565000000005,3.76,39189.99863,4.489281588,51545.48361
Sweden,Suède,2016,11257375.0,25.0,450295.0,3.66,63.1,89.13,0.32512019898066824,5.605214359475455,7.9174763210784045,50.89,2.3478099999999955,46.762190000000004,3.96,38779.99878,2.070593151,51965.15715
Sweden,Suède,2017,11257375.0,25.0,450295.0,3.47,65.7,95.06,0.3082423744434204,5.836174063669373,8.444242107951455,51.81,2.112889999999993,46.077110000000005,3.97,38290.00092,2.567924525,53791.50873
Sweden,Suède,2018,11257375.0,25.0,450295.0,3.66,68.55,91.15,0.32512019898066824,6.089341431728089,8.096914245105985,51.54,2.2404499999999956,46.219550000000005,3.97,36009.99832,1.950022846,54589.06039
Sweden,Suède,2019,11257375.0,25.0,450295.0,3.35,66.13,98.94,0.29758269578831653,5.874371245516827,8.788905051133145,52.88,1.9890749999999997,45.130925,3.8,35000.0,1.986195874,51939.42974
